
> plp-mobile-app@0.0.0 dev
> vite


  VITE v6.3.5  ready in 349 ms

  ➜  Local:   http://localhost:5173/
  ➜  Network: http://10.0.0.27:5173/
  ➜  Network: http://169.254.88.147:5173/
11:29:27 PM [vite] (client) hmr update /src/App.jsx
12:00:36 AM [vite] (client) hmr update /src/App.jsx
12:00:49 AM [vite] (client) hmr update /src/App.jsx
12:01:06 AM [vite] (client) hmr update /src/App.jsx
12:03:24 AM [vite] (client) hmr update /src/App.css
12:03:31 AM [vite] (client) hmr update /src/App.jsx
12:03:37 AM [vite] (client) hmr update /src/App.jsx
12:03:44 AM [vite] (client) hmr update /src/App.jsx
12:04:06 AM [vite] (client) hmr update /src/App.jsx
12:04:24 AM [vite] (client) hmr update /src/App.jsx
12:04:39 AM [vite] (client) hmr update /src/App.css
12:13:51 AM [vite] (client) hmr update /src/App.jsx
12:14:05 AM [vite] (client) hmr update /src/App.jsx
12:14:27 AM [vite] (client) hmr update /src/App.jsx
12:14:41 AM [vite] (client) hmr update /src/App.jsx
12:14:52 AM [vite] (client) hmr update /src/App.jsx
12:15:13 AM [vite] (client) hmr update /src/App.jsx
12:15:19 AM [vite] (client) hmr update /src/App.jsx
12:15:52 AM [vite] (client) hmr update /src/App.jsx, /src/components/DonationForm.jsx, /src/components/VolunteerForm.jsx
12:16:09 AM [vite] (client) hmr update /src/App.jsx
12:18:11 AM [vite] (client) hmr update /src/App.css
12:18:49 AM [vite] (client) hmr update /src/App.jsx
12:19:03 AM [vite] (client) hmr update /src/App.jsx
12:19:35 AM [vite] (client) hmr update /src/App.jsx
12:19:35 AM [vite] Internal server error: /Users/internaut/Desktop/PLP MOBILE APPLICATION (UPDATED)/src/App.jsx: Unterminated JSX contents. (1100:10)

  1098 |         />
  1099 |       )}
> 1100 |     </div>
       |           ^
  1101 |   )
  1102 | }
  1103 |
  Plugin: vite:react-babel
  File: /Users/internaut/Desktop/PLP MOBILE APPLICATION (UPDATED)/src/App.jsx:1100:10
  1098|          />
  1099|        )}
  1100|      </div>
     |            ^
  1101|    )
  1102|  }
      at constructor (/Users/internaut/Desktop/PLP MOBILE APPLICATION (UPDATED)/node_modules/@babel/parser/lib/index.js:363:19)
      at JSXParserMixin.raise (/Users/internaut/Desktop/PLP MOBILE APPLICATION (UPDATED)/node_modules/@babel/parser/lib/index.js:6612:19)
      at JSXParserMixin.jsxReadToken (/Users/internaut/Desktop/PLP MOBILE APPLICATION (UPDATED)/node_modules/@babel/parser/lib/index.js:4463:20)
      at JSXParserMixin.getTokenFromCode (/Users/internaut/Desktop/PLP MOBILE APPLICATION (UPDATED)/node_modules/@babel/parser/lib/index.js:4789:12)
      at JSXParserMixin.nextToken (/Users/internaut/Desktop/PLP MOBILE APPLICATION (UPDATED)/node_modules/@babel/parser/lib/index.js:5795:10)
      at JSXParserMixin.next (/Users/internaut/Desktop/PLP MOBILE APPLICATION (UPDATED)/node_modules/@babel/parser/lib/index.js:5705:10)
      at JSXParserMixin.eat (/Users/internaut/Desktop/PLP MOBILE APPLICATION (UPDATED)/node_modules/@babel/parser/lib/index.js:5709:12)
      at JSXParserMixin.expect (/Users/internaut/Desktop/PLP MOBILE APPLICATION (UPDATED)/node_modules/@babel/parser/lib/index.js:6911:15)
      at JSXParserMixin.jsxParseClosingElementAt (/Users/internaut/Desktop/PLP MOBILE APPLICATION (UPDATED)/node_modules/@babel/parser/lib/index.js:4695:10)
      at JSXParserMixin.jsxParseElementAt (/Users/internaut/Desktop/PLP MOBILE APPLICATION (UPDATED)/node_modules/@babel/parser/lib/index.js:4710:37)
      at JSXParserMixin.jsxParseElementAt (/Users/internaut/Desktop/PLP MOBILE APPLICATION (UPDATED)/node_modules/@babel/parser/lib/index.js:4713:32)
      at JSXParserMixin.jsxParseElement (/Users/internaut/Desktop/PLP MOBILE APPLICATION (UPDATED)/node_modules/@babel/parser/lib/index.js:4764:17)
      at JSXParserMixin.parseExprAtom (/Users/internaut/Desktop/PLP MOBILE APPLICATION (UPDATED)/node_modules/@babel/parser/lib/index.js:4774:19)
      at JSXParserMixin.parseExprSubscripts (/Users/internaut/Desktop/PLP MOBILE APPLICATION (UPDATED)/node_modules/@babel/parser/lib/index.js:11026:23)
      at JSXParserMixin.parseUpdate (/Users/internaut/Desktop/PLP MOBILE APPLICATION (UPDATED)/node_modules/@babel/parser/lib/index.js:11011:21)
      at JSXParserMixin.parseMaybeUnary (/Users/internaut/Desktop/PLP MOBILE APPLICATION (UPDATED)/node_modules/@babel/parser/lib/index.js:10991:23)
      at JSXParserMixin.parseMaybeUnaryOrPrivate (/Users/internaut/Desktop/PLP MOBILE APPLICATION (UPDATED)/node_modules/@babel/parser/lib/index.js:10844:61)
      at JSXParserMixin.parseExprOps (/Users/internaut/Desktop/PLP MOBILE APPLICATION (UPDATED)/node_modules/@babel/parser/lib/index.js:10849:23)
      at JSXParserMixin.parseMaybeConditional (/Users/internaut/Desktop/PLP MOBILE APPLICATION (UPDATED)/node_modules/@babel/parser/lib/index.js:10826:23)
      at JSXParserMixin.parseMaybeAssign (/Users/internaut/Desktop/PLP MOBILE APPLICATION (UPDATED)/node_modules/@babel/parser/lib/index.js:10779:21)
      at /Users/internaut/Desktop/PLP MOBILE APPLICATION (UPDATED)/node_modules/@babel/parser/lib/index.js:10748:39
      at JSXParserMixin.allowInAnd (/Users/internaut/Desktop/PLP MOBILE APPLICATION (UPDATED)/node_modules/@babel/parser/lib/index.js:12375:12)
      at JSXParserMixin.parseMaybeAssignAllowIn (/Users/internaut/Desktop/PLP MOBILE APPLICATION (UPDATED)/node_modules/@babel/parser/lib/index.js:10748:17)
      at JSXParserMixin.parseParenAndDistinguishExpression (/Users/internaut/Desktop/PLP MOBILE APPLICATION (UPDATED)/node_modules/@babel/parser/lib/index.js:11622:28)
      at JSXParserMixin.parseExprAtom (/Users/internaut/Desktop/PLP MOBILE APPLICATION (UPDATED)/node_modules/@babel/parser/lib/index.js:11276:23)
      at JSXParserMixin.parseExprAtom (/Users/internaut/Desktop/PLP MOBILE APPLICATION (UPDATED)/node_modules/@babel/parser/lib/index.js:4779:20)
      at JSXParserMixin.parseExprSubscripts (/Users/internaut/Desktop/PLP MOBILE APPLICATION (UPDATED)/node_modules/@babel/parser/lib/index.js:11026:23)
      at JSXParserMixin.parseUpdate (/Users/internaut/Desktop/PLP MOBILE APPLICATION (UPDATED)/node_modules/@babel/parser/lib/index.js:11011:21)
      at JSXParserMixin.parseMaybeUnary (/Users/internaut/Desktop/PLP MOBILE APPLICATION (UPDATED)/node_modules/@babel/parser/lib/index.js:10991:23)
      at JSXParserMixin.parseMaybeUnaryOrPrivate (/Users/internaut/Desktop/PLP MOBILE APPLICATION (UPDATED)/node_modules/@babel/parser/lib/index.js:10844:61)
      at JSXParserMixin.parseExprOpBaseRightExpr (/Users/internaut/Desktop/PLP MOBILE APPLICATION (UPDATED)/node_modules/@babel/parser/lib/index.js:10931:34)
      at JSXParserMixin.parseExprOpRightExpr (/Users/internaut/Desktop/PLP MOBILE APPLICATION (UPDATED)/node_modules/@babel/parser/lib/index.js:10926:21)
      at JSXParserMixin.parseExprOp (/Users/internaut/Desktop/PLP MOBILE APPLICATION (UPDATED)/node_modules/@babel/parser/lib/index.js:10892:27)
      at JSXParserMixin.parseExprOp (/Users/internaut/Desktop/PLP MOBILE APPLICATION (UPDATED)/node_modules/@babel/parser/lib/index.js:10898:21)
      at JSXParserMixin.parseExprOps (/Users/internaut/Desktop/PLP MOBILE APPLICATION (UPDATED)/node_modules/@babel/parser/lib/index.js:10853:17)
      at JSXParserMixin.parseMaybeConditional (/Users/internaut/Desktop/PLP MOBILE APPLICATION (UPDATED)/node_modules/@babel/parser/lib/index.js:10826:23)
      at JSXParserMixin.parseMaybeAssign (/Users/internaut/Desktop/PLP MOBILE APPLICATION (UPDATED)/node_modules/@babel/parser/lib/index.js:10779:21)
      at JSXParserMixin.parseExpressionBase (/Users/internaut/Desktop/PLP MOBILE APPLICATION (UPDATED)/node_modules/@babel/parser/lib/index.js:10732:23)
      at /Users/internaut/Desktop/PLP MOBILE APPLICATION (UPDATED)/node_modules/@babel/parser/lib/index.js:10728:39
      at JSXParserMixin.allowInAnd (/Users/internaut/Desktop/PLP MOBILE APPLICATION (UPDATED)/node_modules/@babel/parser/lib/index.js:12375:12)
      at JSXParserMixin.parseExpression (/Users/internaut/Desktop/PLP MOBILE APPLICATION (UPDATED)/node_modules/@babel/parser/lib/index.js:10728:17)
      at JSXParserMixin.jsxParseExpressionContainer (/Users/internaut/Desktop/PLP MOBILE APPLICATION (UPDATED)/node_modules/@babel/parser/lib/index.js:4647:31)
      at JSXParserMixin.jsxParseElementAt (/Users/internaut/Desktop/PLP MOBILE APPLICATION (UPDATED)/node_modules/@babel/parser/lib/index.js:4726:36)
      at JSXParserMixin.jsxParseElement (/Users/internaut/Desktop/PLP MOBILE APPLICATION (UPDATED)/node_modules/@babel/parser/lib/index.js:4764:17)
      at JSXParserMixin.parseExprAtom (/Users/internaut/Desktop/PLP MOBILE APPLICATION (UPDATED)/node_modules/@babel/parser/lib/index.js:4774:19)
      at JSXParserMixin.parseExprSubscripts (/Users/internaut/Desktop/PLP MOBILE APPLICATION (UPDATED)/node_modules/@babel/parser/lib/index.js:11026:23)
      at JSXParserMixin.parseUpdate (/Users/internaut/Desktop/PLP MOBILE APPLICATION (UPDATED)/node_modules/@babel/parser/lib/index.js:11011:21)
      at JSXParserMixin.parseMaybeUnary (/Users/internaut/Desktop/PLP MOBILE APPLICATION (UPDATED)/node_modules/@babel/parser/lib/index.js:10991:23)
      at JSXParserMixin.parseMaybeUnaryOrPrivate (/Users/internaut/Desktop/PLP MOBILE APPLICATION (UPDATED)/node_modules/@babel/parser/lib/index.js:10844:61)
      at JSXParserMixin.parseExprOps (/Users/internaut/Desktop/PLP MOBILE APPLICATION (UPDATED)/node_modules/@babel/parser/lib/index.js:10849:23)
12:20:01 AM [vite] (client) hmr update /src/App.jsx
12:20:01 AM [vite] Internal server error: /Users/internaut/Desktop/PLP MOBILE APPLICATION (UPDATED)/src/App.jsx: Expected corresponding JSX closing tag for <div>. (799:8)

  797 |             </div>
  798 |           </div>
> 799 |         </ScreenContainer>
      |         ^
  800 |       )}
  801 |
  802 |       {/* News */}
  Plugin: vite:react-babel
  File: /Users/internaut/Desktop/PLP MOBILE APPLICATION (UPDATED)/src/App.jsx:799:8
  797|              </div>
  798|            </div>
  799|          </ScreenContainer>
     |          ^
  800|        )}
  801|  
      at constructor (/Users/internaut/Desktop/PLP MOBILE APPLICATION (UPDATED)/node_modules/@babel/parser/lib/index.js:363:19)
      at JSXParserMixin.raise (/Users/internaut/Desktop/PLP MOBILE APPLICATION (UPDATED)/node_modules/@babel/parser/lib/index.js:6612:19)
      at JSXParserMixin.jsxParseElementAt (/Users/internaut/Desktop/PLP MOBILE APPLICATION (UPDATED)/node_modules/@babel/parser/lib/index.js:4742:16)
      at JSXParserMixin.jsxParseElementAt (/Users/internaut/Desktop/PLP MOBILE APPLICATION (UPDATED)/node_modules/@babel/parser/lib/index.js:4713:32)
      at JSXParserMixin.jsxParseElement (/Users/internaut/Desktop/PLP MOBILE APPLICATION (UPDATED)/node_modules/@babel/parser/lib/index.js:4764:17)
      at JSXParserMixin.parseExprAtom (/Users/internaut/Desktop/PLP MOBILE APPLICATION (UPDATED)/node_modules/@babel/parser/lib/index.js:4774:19)
      at JSXParserMixin.parseExprSubscripts (/Users/internaut/Desktop/PLP MOBILE APPLICATION (UPDATED)/node_modules/@babel/parser/lib/index.js:11026:23)
      at JSXParserMixin.parseUpdate (/Users/internaut/Desktop/PLP MOBILE APPLICATION (UPDATED)/node_modules/@babel/parser/lib/index.js:11011:21)
      at JSXParserMixin.parseMaybeUnary (/Users/internaut/Desktop/PLP MOBILE APPLICATION (UPDATED)/node_modules/@babel/parser/lib/index.js:10991:23)
      at JSXParserMixin.parseMaybeUnaryOrPrivate (/Users/internaut/Desktop/PLP MOBILE APPLICATION (UPDATED)/node_modules/@babel/parser/lib/index.js:10844:61)
      at JSXParserMixin.parseExprOps (/Users/internaut/Desktop/PLP MOBILE APPLICATION (UPDATED)/node_modules/@babel/parser/lib/index.js:10849:23)
      at JSXParserMixin.parseMaybeConditional (/Users/internaut/Desktop/PLP MOBILE APPLICATION (UPDATED)/node_modules/@babel/parser/lib/index.js:10826:23)
      at JSXParserMixin.parseMaybeAssign (/Users/internaut/Desktop/PLP MOBILE APPLICATION (UPDATED)/node_modules/@babel/parser/lib/index.js:10779:21)
      at /Users/internaut/Desktop/PLP MOBILE APPLICATION (UPDATED)/node_modules/@babel/parser/lib/index.js:10748:39
      at JSXParserMixin.allowInAnd (/Users/internaut/Desktop/PLP MOBILE APPLICATION (UPDATED)/node_modules/@babel/parser/lib/index.js:12375:12)
      at JSXParserMixin.parseMaybeAssignAllowIn (/Users/internaut/Desktop/PLP MOBILE APPLICATION (UPDATED)/node_modules/@babel/parser/lib/index.js:10748:17)
      at JSXParserMixin.parseParenAndDistinguishExpression (/Users/internaut/Desktop/PLP MOBILE APPLICATION (UPDATED)/node_modules/@babel/parser/lib/index.js:11622:28)
      at JSXParserMixin.parseExprAtom (/Users/internaut/Desktop/PLP MOBILE APPLICATION (UPDATED)/node_modules/@babel/parser/lib/index.js:11276:23)
      at JSXParserMixin.parseExprAtom (/Users/internaut/Desktop/PLP MOBILE APPLICATION (UPDATED)/node_modules/@babel/parser/lib/index.js:4779:20)
      at JSXParserMixin.parseExprSubscripts (/Users/internaut/Desktop/PLP MOBILE APPLICATION (UPDATED)/node_modules/@babel/parser/lib/index.js:11026:23)
      at JSXParserMixin.parseUpdate (/Users/internaut/Desktop/PLP MOBILE APPLICATION (UPDATED)/node_modules/@babel/parser/lib/index.js:11011:21)
      at JSXParserMixin.parseMaybeUnary (/Users/internaut/Desktop/PLP MOBILE APPLICATION (UPDATED)/node_modules/@babel/parser/lib/index.js:10991:23)
      at JSXParserMixin.parseMaybeUnaryOrPrivate (/Users/internaut/Desktop/PLP MOBILE APPLICATION (UPDATED)/node_modules/@babel/parser/lib/index.js:10844:61)
      at JSXParserMixin.parseExprOpBaseRightExpr (/Users/internaut/Desktop/PLP MOBILE APPLICATION (UPDATED)/node_modules/@babel/parser/lib/index.js:10931:34)
      at JSXParserMixin.parseExprOpRightExpr (/Users/internaut/Desktop/PLP MOBILE APPLICATION (UPDATED)/node_modules/@babel/parser/lib/index.js:10926:21)
      at JSXParserMixin.parseExprOp (/Users/internaut/Desktop/PLP MOBILE APPLICATION (UPDATED)/node_modules/@babel/parser/lib/index.js:10892:27)
      at JSXParserMixin.parseExprOp (/Users/internaut/Desktop/PLP MOBILE APPLICATION (UPDATED)/node_modules/@babel/parser/lib/index.js:10898:21)
      at JSXParserMixin.parseExprOps (/Users/internaut/Desktop/PLP MOBILE APPLICATION (UPDATED)/node_modules/@babel/parser/lib/index.js:10853:17)
      at JSXParserMixin.parseMaybeConditional (/Users/internaut/Desktop/PLP MOBILE APPLICATION (UPDATED)/node_modules/@babel/parser/lib/index.js:10826:23)
      at JSXParserMixin.parseMaybeAssign (/Users/internaut/Desktop/PLP MOBILE APPLICATION (UPDATED)/node_modules/@babel/parser/lib/index.js:10779:21)
      at JSXParserMixin.parseExpressionBase (/Users/internaut/Desktop/PLP MOBILE APPLICATION (UPDATED)/node_modules/@babel/parser/lib/index.js:10732:23)
      at /Users/internaut/Desktop/PLP MOBILE APPLICATION (UPDATED)/node_modules/@babel/parser/lib/index.js:10728:39
      at JSXParserMixin.allowInAnd (/Users/internaut/Desktop/PLP MOBILE APPLICATION (UPDATED)/node_modules/@babel/parser/lib/index.js:12375:12)
      at JSXParserMixin.parseExpression (/Users/internaut/Desktop/PLP MOBILE APPLICATION (UPDATED)/node_modules/@babel/parser/lib/index.js:10728:17)
      at JSXParserMixin.jsxParseExpressionContainer (/Users/internaut/Desktop/PLP MOBILE APPLICATION (UPDATED)/node_modules/@babel/parser/lib/index.js:4647:31)
      at JSXParserMixin.jsxParseElementAt (/Users/internaut/Desktop/PLP MOBILE APPLICATION (UPDATED)/node_modules/@babel/parser/lib/index.js:4726:36)
      at JSXParserMixin.jsxParseElement (/Users/internaut/Desktop/PLP MOBILE APPLICATION (UPDATED)/node_modules/@babel/parser/lib/index.js:4764:17)
      at JSXParserMixin.parseExprAtom (/Users/internaut/Desktop/PLP MOBILE APPLICATION (UPDATED)/node_modules/@babel/parser/lib/index.js:4774:19)
      at JSXParserMixin.parseExprSubscripts (/Users/internaut/Desktop/PLP MOBILE APPLICATION (UPDATED)/node_modules/@babel/parser/lib/index.js:11026:23)
      at JSXParserMixin.parseUpdate (/Users/internaut/Desktop/PLP MOBILE APPLICATION (UPDATED)/node_modules/@babel/parser/lib/index.js:11011:21)
      at JSXParserMixin.parseMaybeUnary (/Users/internaut/Desktop/PLP MOBILE APPLICATION (UPDATED)/node_modules/@babel/parser/lib/index.js:10991:23)
      at JSXParserMixin.parseMaybeUnaryOrPrivate (/Users/internaut/Desktop/PLP MOBILE APPLICATION (UPDATED)/node_modules/@babel/parser/lib/index.js:10844:61)
      at JSXParserMixin.parseExprOps (/Users/internaut/Desktop/PLP MOBILE APPLICATION (UPDATED)/node_modules/@babel/parser/lib/index.js:10849:23)
      at JSXParserMixin.parseMaybeConditional (/Users/internaut/Desktop/PLP MOBILE APPLICATION (UPDATED)/node_modules/@babel/parser/lib/index.js:10826:23)
      at JSXParserMixin.parseMaybeAssign (/Users/internaut/Desktop/PLP MOBILE APPLICATION (UPDATED)/node_modules/@babel/parser/lib/index.js:10779:21)
      at /Users/internaut/Desktop/PLP MOBILE APPLICATION (UPDATED)/node_modules/@babel/parser/lib/index.js:10748:39
      at JSXParserMixin.allowInAnd (/Users/internaut/Desktop/PLP MOBILE APPLICATION (UPDATED)/node_modules/@babel/parser/lib/index.js:12375:12)
      at JSXParserMixin.parseMaybeAssignAllowIn (/Users/internaut/Desktop/PLP MOBILE APPLICATION (UPDATED)/node_modules/@babel/parser/lib/index.js:10748:17)
      at JSXParserMixin.parseParenAndDistinguishExpression (/Users/internaut/Desktop/PLP MOBILE APPLICATION (UPDATED)/node_modules/@babel/parser/lib/index.js:11622:28)
      at JSXParserMixin.parseExprAtom (/Users/internaut/Desktop/PLP MOBILE APPLICATION (UPDATED)/node_modules/@babel/parser/lib/index.js:11276:23)
12:20:07 AM [vite] (client) hmr update /src/App.jsx
12:20:07 AM [vite] Internal server error: /Users/internaut/Desktop/PLP MOBILE APPLICATION (UPDATED)/src/App.jsx: Expected corresponding JSX closing tag for <div>. (799:8)

  797 |             </div>
  798 |           </div>
> 799 |         </ScreenContainer>
      |         ^
  800 |       )}
  801 |
  802 |       {/* News */}
  Plugin: vite:react-babel
  File: /Users/internaut/Desktop/PLP MOBILE APPLICATION (UPDATED)/src/App.jsx:799:8
  797|              </div>
  798|            </div>
  799|          </ScreenContainer>
     |          ^
  800|        )}
  801|  
      at constructor (/Users/internaut/Desktop/PLP MOBILE APPLICATION (UPDATED)/node_modules/@babel/parser/lib/index.js:363:19)
      at JSXParserMixin.raise (/Users/internaut/Desktop/PLP MOBILE APPLICATION (UPDATED)/node_modules/@babel/parser/lib/index.js:6612:19)
      at JSXParserMixin.jsxParseElementAt (/Users/internaut/Desktop/PLP MOBILE APPLICATION (UPDATED)/node_modules/@babel/parser/lib/index.js:4742:16)
      at JSXParserMixin.jsxParseElementAt (/Users/internaut/Desktop/PLP MOBILE APPLICATION (UPDATED)/node_modules/@babel/parser/lib/index.js:4713:32)
      at JSXParserMixin.jsxParseElement (/Users/internaut/Desktop/PLP MOBILE APPLICATION (UPDATED)/node_modules/@babel/parser/lib/index.js:4764:17)
      at JSXParserMixin.parseExprAtom (/Users/internaut/Desktop/PLP MOBILE APPLICATION (UPDATED)/node_modules/@babel/parser/lib/index.js:4774:19)
      at JSXParserMixin.parseExprSubscripts (/Users/internaut/Desktop/PLP MOBILE APPLICATION (UPDATED)/node_modules/@babel/parser/lib/index.js:11026:23)
      at JSXParserMixin.parseUpdate (/Users/internaut/Desktop/PLP MOBILE APPLICATION (UPDATED)/node_modules/@babel/parser/lib/index.js:11011:21)
      at JSXParserMixin.parseMaybeUnary (/Users/internaut/Desktop/PLP MOBILE APPLICATION (UPDATED)/node_modules/@babel/parser/lib/index.js:10991:23)
      at JSXParserMixin.parseMaybeUnaryOrPrivate (/Users/internaut/Desktop/PLP MOBILE APPLICATION (UPDATED)/node_modules/@babel/parser/lib/index.js:10844:61)
      at JSXParserMixin.parseExprOps (/Users/internaut/Desktop/PLP MOBILE APPLICATION (UPDATED)/node_modules/@babel/parser/lib/index.js:10849:23)
      at JSXParserMixin.parseMaybeConditional (/Users/internaut/Desktop/PLP MOBILE APPLICATION (UPDATED)/node_modules/@babel/parser/lib/index.js:10826:23)
      at JSXParserMixin.parseMaybeAssign (/Users/internaut/Desktop/PLP MOBILE APPLICATION (UPDATED)/node_modules/@babel/parser/lib/index.js:10779:21)
      at /Users/internaut/Desktop/PLP MOBILE APPLICATION (UPDATED)/node_modules/@babel/parser/lib/index.js:10748:39
      at JSXParserMixin.allowInAnd (/Users/internaut/Desktop/PLP MOBILE APPLICATION (UPDATED)/node_modules/@babel/parser/lib/index.js:12375:12)
      at JSXParserMixin.parseMaybeAssignAllowIn (/Users/internaut/Desktop/PLP MOBILE APPLICATION (UPDATED)/node_modules/@babel/parser/lib/index.js:10748:17)
      at JSXParserMixin.parseParenAndDistinguishExpression (/Users/internaut/Desktop/PLP MOBILE APPLICATION (UPDATED)/node_modules/@babel/parser/lib/index.js:11622:28)
      at JSXParserMixin.parseExprAtom (/Users/internaut/Desktop/PLP MOBILE APPLICATION (UPDATED)/node_modules/@babel/parser/lib/index.js:11276:23)
      at JSXParserMixin.parseExprAtom (/Users/internaut/Desktop/PLP MOBILE APPLICATION (UPDATED)/node_modules/@babel/parser/lib/index.js:4779:20)
      at JSXParserMixin.parseExprSubscripts (/Users/internaut/Desktop/PLP MOBILE APPLICATION (UPDATED)/node_modules/@babel/parser/lib/index.js:11026:23)
      at JSXParserMixin.parseUpdate (/Users/internaut/Desktop/PLP MOBILE APPLICATION (UPDATED)/node_modules/@babel/parser/lib/index.js:11011:21)
      at JSXParserMixin.parseMaybeUnary (/Users/internaut/Desktop/PLP MOBILE APPLICATION (UPDATED)/node_modules/@babel/parser/lib/index.js:10991:23)
      at JSXParserMixin.parseMaybeUnaryOrPrivate (/Users/internaut/Desktop/PLP MOBILE APPLICATION (UPDATED)/node_modules/@babel/parser/lib/index.js:10844:61)
      at JSXParserMixin.parseExprOpBaseRightExpr (/Users/internaut/Desktop/PLP MOBILE APPLICATION (UPDATED)/node_modules/@babel/parser/lib/index.js:10931:34)
      at JSXParserMixin.parseExprOpRightExpr (/Users/internaut/Desktop/PLP MOBILE APPLICATION (UPDATED)/node_modules/@babel/parser/lib/index.js:10926:21)
      at JSXParserMixin.parseExprOp (/Users/internaut/Desktop/PLP MOBILE APPLICATION (UPDATED)/node_modules/@babel/parser/lib/index.js:10892:27)
      at JSXParserMixin.parseExprOp (/Users/internaut/Desktop/PLP MOBILE APPLICATION (UPDATED)/node_modules/@babel/parser/lib/index.js:10898:21)
      at JSXParserMixin.parseExprOps (/Users/internaut/Desktop/PLP MOBILE APPLICATION (UPDATED)/node_modules/@babel/parser/lib/index.js:10853:17)
      at JSXParserMixin.parseMaybeConditional (/Users/internaut/Desktop/PLP MOBILE APPLICATION (UPDATED)/node_modules/@babel/parser/lib/index.js:10826:23)
      at JSXParserMixin.parseMaybeAssign (/Users/internaut/Desktop/PLP MOBILE APPLICATION (UPDATED)/node_modules/@babel/parser/lib/index.js:10779:21)
      at JSXParserMixin.parseExpressionBase (/Users/internaut/Desktop/PLP MOBILE APPLICATION (UPDATED)/node_modules/@babel/parser/lib/index.js:10732:23)
      at /Users/internaut/Desktop/PLP MOBILE APPLICATION (UPDATED)/node_modules/@babel/parser/lib/index.js:10728:39
      at JSXParserMixin.allowInAnd (/Users/internaut/Desktop/PLP MOBILE APPLICATION (UPDATED)/node_modules/@babel/parser/lib/index.js:12375:12)
      at JSXParserMixin.parseExpression (/Users/internaut/Desktop/PLP MOBILE APPLICATION (UPDATED)/node_modules/@babel/parser/lib/index.js:10728:17)
      at JSXParserMixin.jsxParseExpressionContainer (/Users/internaut/Desktop/PLP MOBILE APPLICATION (UPDATED)/node_modules/@babel/parser/lib/index.js:4647:31)
      at JSXParserMixin.jsxParseElementAt (/Users/internaut/Desktop/PLP MOBILE APPLICATION (UPDATED)/node_modules/@babel/parser/lib/index.js:4726:36)
      at JSXParserMixin.jsxParseElement (/Users/internaut/Desktop/PLP MOBILE APPLICATION (UPDATED)/node_modules/@babel/parser/lib/index.js:4764:17)
      at JSXParserMixin.parseExprAtom (/Users/internaut/Desktop/PLP MOBILE APPLICATION (UPDATED)/node_modules/@babel/parser/lib/index.js:4774:19)
      at JSXParserMixin.parseExprSubscripts (/Users/internaut/Desktop/PLP MOBILE APPLICATION (UPDATED)/node_modules/@babel/parser/lib/index.js:11026:23)
      at JSXParserMixin.parseUpdate (/Users/internaut/Desktop/PLP MOBILE APPLICATION (UPDATED)/node_modules/@babel/parser/lib/index.js:11011:21)
      at JSXParserMixin.parseMaybeUnary (/Users/internaut/Desktop/PLP MOBILE APPLICATION (UPDATED)/node_modules/@babel/parser/lib/index.js:10991:23)
      at JSXParserMixin.parseMaybeUnaryOrPrivate (/Users/internaut/Desktop/PLP MOBILE APPLICATION (UPDATED)/node_modules/@babel/parser/lib/index.js:10844:61)
      at JSXParserMixin.parseExprOps (/Users/internaut/Desktop/PLP MOBILE APPLICATION (UPDATED)/node_modules/@babel/parser/lib/index.js:10849:23)
      at JSXParserMixin.parseMaybeConditional (/Users/internaut/Desktop/PLP MOBILE APPLICATION (UPDATED)/node_modules/@babel/parser/lib/index.js:10826:23)
      at JSXParserMixin.parseMaybeAssign (/Users/internaut/Desktop/PLP MOBILE APPLICATION (UPDATED)/node_modules/@babel/parser/lib/index.js:10779:21)
      at /Users/internaut/Desktop/PLP MOBILE APPLICATION (UPDATED)/node_modules/@babel/parser/lib/index.js:10748:39
      at JSXParserMixin.allowInAnd (/Users/internaut/Desktop/PLP MOBILE APPLICATION (UPDATED)/node_modules/@babel/parser/lib/index.js:12375:12)
      at JSXParserMixin.parseMaybeAssignAllowIn (/Users/internaut/Desktop/PLP MOBILE APPLICATION (UPDATED)/node_modules/@babel/parser/lib/index.js:10748:17)
      at JSXParserMixin.parseParenAndDistinguishExpression (/Users/internaut/Desktop/PLP MOBILE APPLICATION (UPDATED)/node_modules/@babel/parser/lib/index.js:11622:28)
      at JSXParserMixin.parseExprAtom (/Users/internaut/Desktop/PLP MOBILE APPLICATION (UPDATED)/node_modules/@babel/parser/lib/index.js:11276:23)
12:20:20 AM [vite] (client) hmr update /src/App.jsx
12:20:20 AM [vite] Internal server error: /Users/internaut/Desktop/PLP MOBILE APPLICATION (UPDATED)/src/App.jsx: Expected corresponding JSX closing tag for <div>. (799:8)

  797 |             </div>
  798 |           </div>
> 799 |         </ScreenContainer>
      |         ^
  800 |       )}
  801 |
  802 |       {/* News */}
  Plugin: vite:react-babel
  File: /Users/internaut/Desktop/PLP MOBILE APPLICATION (UPDATED)/src/App.jsx:799:8
  797|              </div>
  798|            </div>
  799|          </ScreenContainer>
     |          ^
  800|        )}
  801|  
      at constructor (/Users/internaut/Desktop/PLP MOBILE APPLICATION (UPDATED)/node_modules/@babel/parser/lib/index.js:363:19)
      at JSXParserMixin.raise (/Users/internaut/Desktop/PLP MOBILE APPLICATION (UPDATED)/node_modules/@babel/parser/lib/index.js:6612:19)
      at JSXParserMixin.jsxParseElementAt (/Users/internaut/Desktop/PLP MOBILE APPLICATION (UPDATED)/node_modules/@babel/parser/lib/index.js:4742:16)
      at JSXParserMixin.jsxParseElementAt (/Users/internaut/Desktop/PLP MOBILE APPLICATION (UPDATED)/node_modules/@babel/parser/lib/index.js:4713:32)
      at JSXParserMixin.jsxParseElement (/Users/internaut/Desktop/PLP MOBILE APPLICATION (UPDATED)/node_modules/@babel/parser/lib/index.js:4764:17)
      at JSXParserMixin.parseExprAtom (/Users/internaut/Desktop/PLP MOBILE APPLICATION (UPDATED)/node_modules/@babel/parser/lib/index.js:4774:19)
      at JSXParserMixin.parseExprSubscripts (/Users/internaut/Desktop/PLP MOBILE APPLICATION (UPDATED)/node_modules/@babel/parser/lib/index.js:11026:23)
      at JSXParserMixin.parseUpdate (/Users/internaut/Desktop/PLP MOBILE APPLICATION (UPDATED)/node_modules/@babel/parser/lib/index.js:11011:21)
      at JSXParserMixin.parseMaybeUnary (/Users/internaut/Desktop/PLP MOBILE APPLICATION (UPDATED)/node_modules/@babel/parser/lib/index.js:10991:23)
      at JSXParserMixin.parseMaybeUnaryOrPrivate (/Users/internaut/Desktop/PLP MOBILE APPLICATION (UPDATED)/node_modules/@babel/parser/lib/index.js:10844:61)
      at JSXParserMixin.parseExprOps (/Users/internaut/Desktop/PLP MOBILE APPLICATION (UPDATED)/node_modules/@babel/parser/lib/index.js:10849:23)
      at JSXParserMixin.parseMaybeConditional (/Users/internaut/Desktop/PLP MOBILE APPLICATION (UPDATED)/node_modules/@babel/parser/lib/index.js:10826:23)
      at JSXParserMixin.parseMaybeAssign (/Users/internaut/Desktop/PLP MOBILE APPLICATION (UPDATED)/node_modules/@babel/parser/lib/index.js:10779:21)
      at /Users/internaut/Desktop/PLP MOBILE APPLICATION (UPDATED)/node_modules/@babel/parser/lib/index.js:10748:39
      at JSXParserMixin.allowInAnd (/Users/internaut/Desktop/PLP MOBILE APPLICATION (UPDATED)/node_modules/@babel/parser/lib/index.js:12375:12)
      at JSXParserMixin.parseMaybeAssignAllowIn (/Users/internaut/Desktop/PLP MOBILE APPLICATION (UPDATED)/node_modules/@babel/parser/lib/index.js:10748:17)
      at JSXParserMixin.parseParenAndDistinguishExpression (/Users/internaut/Desktop/PLP MOBILE APPLICATION (UPDATED)/node_modules/@babel/parser/lib/index.js:11622:28)
      at JSXParserMixin.parseExprAtom (/Users/internaut/Desktop/PLP MOBILE APPLICATION (UPDATED)/node_modules/@babel/parser/lib/index.js:11276:23)
      at JSXParserMixin.parseExprAtom (/Users/internaut/Desktop/PLP MOBILE APPLICATION (UPDATED)/node_modules/@babel/parser/lib/index.js:4779:20)
      at JSXParserMixin.parseExprSubscripts (/Users/internaut/Desktop/PLP MOBILE APPLICATION (UPDATED)/node_modules/@babel/parser/lib/index.js:11026:23)
      at JSXParserMixin.parseUpdate (/Users/internaut/Desktop/PLP MOBILE APPLICATION (UPDATED)/node_modules/@babel/parser/lib/index.js:11011:21)
      at JSXParserMixin.parseMaybeUnary (/Users/internaut/Desktop/PLP MOBILE APPLICATION (UPDATED)/node_modules/@babel/parser/lib/index.js:10991:23)
      at JSXParserMixin.parseMaybeUnaryOrPrivate (/Users/internaut/Desktop/PLP MOBILE APPLICATION (UPDATED)/node_modules/@babel/parser/lib/index.js:10844:61)
      at JSXParserMixin.parseExprOpBaseRightExpr (/Users/internaut/Desktop/PLP MOBILE APPLICATION (UPDATED)/node_modules/@babel/parser/lib/index.js:10931:34)
      at JSXParserMixin.parseExprOpRightExpr (/Users/internaut/Desktop/PLP MOBILE APPLICATION (UPDATED)/node_modules/@babel/parser/lib/index.js:10926:21)
      at JSXParserMixin.parseExprOp (/Users/internaut/Desktop/PLP MOBILE APPLICATION (UPDATED)/node_modules/@babel/parser/lib/index.js:10892:27)
      at JSXParserMixin.parseExprOp (/Users/internaut/Desktop/PLP MOBILE APPLICATION (UPDATED)/node_modules/@babel/parser/lib/index.js:10898:21)
      at JSXParserMixin.parseExprOps (/Users/internaut/Desktop/PLP MOBILE APPLICATION (UPDATED)/node_modules/@babel/parser/lib/index.js:10853:17)
      at JSXParserMixin.parseMaybeConditional (/Users/internaut/Desktop/PLP MOBILE APPLICATION (UPDATED)/node_modules/@babel/parser/lib/index.js:10826:23)
      at JSXParserMixin.parseMaybeAssign (/Users/internaut/Desktop/PLP MOBILE APPLICATION (UPDATED)/node_modules/@babel/parser/lib/index.js:10779:21)
      at JSXParserMixin.parseExpressionBase (/Users/internaut/Desktop/PLP MOBILE APPLICATION (UPDATED)/node_modules/@babel/parser/lib/index.js:10732:23)
      at /Users/internaut/Desktop/PLP MOBILE APPLICATION (UPDATED)/node_modules/@babel/parser/lib/index.js:10728:39
      at JSXParserMixin.allowInAnd (/Users/internaut/Desktop/PLP MOBILE APPLICATION (UPDATED)/node_modules/@babel/parser/lib/index.js:12375:12)
      at JSXParserMixin.parseExpression (/Users/internaut/Desktop/PLP MOBILE APPLICATION (UPDATED)/node_modules/@babel/parser/lib/index.js:10728:17)
      at JSXParserMixin.jsxParseExpressionContainer (/Users/internaut/Desktop/PLP MOBILE APPLICATION (UPDATED)/node_modules/@babel/parser/lib/index.js:4647:31)
      at JSXParserMixin.jsxParseElementAt (/Users/internaut/Desktop/PLP MOBILE APPLICATION (UPDATED)/node_modules/@babel/parser/lib/index.js:4726:36)
      at JSXParserMixin.jsxParseElement (/Users/internaut/Desktop/PLP MOBILE APPLICATION (UPDATED)/node_modules/@babel/parser/lib/index.js:4764:17)
      at JSXParserMixin.parseExprAtom (/Users/internaut/Desktop/PLP MOBILE APPLICATION (UPDATED)/node_modules/@babel/parser/lib/index.js:4774:19)
      at JSXParserMixin.parseExprSubscripts (/Users/internaut/Desktop/PLP MOBILE APPLICATION (UPDATED)/node_modules/@babel/parser/lib/index.js:11026:23)
      at JSXParserMixin.parseUpdate (/Users/internaut/Desktop/PLP MOBILE APPLICATION (UPDATED)/node_modules/@babel/parser/lib/index.js:11011:21)
      at JSXParserMixin.parseMaybeUnary (/Users/internaut/Desktop/PLP MOBILE APPLICATION (UPDATED)/node_modules/@babel/parser/lib/index.js:10991:23)
      at JSXParserMixin.parseMaybeUnaryOrPrivate (/Users/internaut/Desktop/PLP MOBILE APPLICATION (UPDATED)/node_modules/@babel/parser/lib/index.js:10844:61)
      at JSXParserMixin.parseExprOps (/Users/internaut/Desktop/PLP MOBILE APPLICATION (UPDATED)/node_modules/@babel/parser/lib/index.js:10849:23)
      at JSXParserMixin.parseMaybeConditional (/Users/internaut/Desktop/PLP MOBILE APPLICATION (UPDATED)/node_modules/@babel/parser/lib/index.js:10826:23)
      at JSXParserMixin.parseMaybeAssign (/Users/internaut/Desktop/PLP MOBILE APPLICATION (UPDATED)/node_modules/@babel/parser/lib/index.js:10779:21)
      at /Users/internaut/Desktop/PLP MOBILE APPLICATION (UPDATED)/node_modules/@babel/parser/lib/index.js:10748:39
      at JSXParserMixin.allowInAnd (/Users/internaut/Desktop/PLP MOBILE APPLICATION (UPDATED)/node_modules/@babel/parser/lib/index.js:12375:12)
      at JSXParserMixin.parseMaybeAssignAllowIn (/Users/internaut/Desktop/PLP MOBILE APPLICATION (UPDATED)/node_modules/@babel/parser/lib/index.js:10748:17)
      at JSXParserMixin.parseParenAndDistinguishExpression (/Users/internaut/Desktop/PLP MOBILE APPLICATION (UPDATED)/node_modules/@babel/parser/lib/index.js:11622:28)
      at JSXParserMixin.parseExprAtom (/Users/internaut/Desktop/PLP MOBILE APPLICATION (UPDATED)/node_modules/@babel/parser/lib/index.js:11276:23)
12:22:04 AM [vite] (client) hmr update /src/App.jsx
12:22:04 AM [vite] Internal server error: /Users/internaut/Desktop/PLP MOBILE APPLICATION (UPDATED)/src/App.jsx: Expected corresponding JSX closing tag for <div>. (799:8)

  797 |             </div>
  798 |           </div>
> 799 |         </ScreenContainer>
      |         ^
  800 |       )}
  801 |
  802 |       {/* News */}
  Plugin: vite:react-babel
  File: /Users/internaut/Desktop/PLP MOBILE APPLICATION (UPDATED)/src/App.jsx:799:8
  797|              </div>
  798|            </div>
  799|          </ScreenContainer>
     |          ^
  800|        )}
  801|  
      at constructor (/Users/internaut/Desktop/PLP MOBILE APPLICATION (UPDATED)/node_modules/@babel/parser/lib/index.js:363:19)
      at JSXParserMixin.raise (/Users/internaut/Desktop/PLP MOBILE APPLICATION (UPDATED)/node_modules/@babel/parser/lib/index.js:6612:19)
      at JSXParserMixin.jsxParseElementAt (/Users/internaut/Desktop/PLP MOBILE APPLICATION (UPDATED)/node_modules/@babel/parser/lib/index.js:4742:16)
      at JSXParserMixin.jsxParseElementAt (/Users/internaut/Desktop/PLP MOBILE APPLICATION (UPDATED)/node_modules/@babel/parser/lib/index.js:4713:32)
      at JSXParserMixin.jsxParseElement (/Users/internaut/Desktop/PLP MOBILE APPLICATION (UPDATED)/node_modules/@babel/parser/lib/index.js:4764:17)
      at JSXParserMixin.parseExprAtom (/Users/internaut/Desktop/PLP MOBILE APPLICATION (UPDATED)/node_modules/@babel/parser/lib/index.js:4774:19)
      at JSXParserMixin.parseExprSubscripts (/Users/internaut/Desktop/PLP MOBILE APPLICATION (UPDATED)/node_modules/@babel/parser/lib/index.js:11026:23)
      at JSXParserMixin.parseUpdate (/Users/internaut/Desktop/PLP MOBILE APPLICATION (UPDATED)/node_modules/@babel/parser/lib/index.js:11011:21)
      at JSXParserMixin.parseMaybeUnary (/Users/internaut/Desktop/PLP MOBILE APPLICATION (UPDATED)/node_modules/@babel/parser/lib/index.js:10991:23)
      at JSXParserMixin.parseMaybeUnaryOrPrivate (/Users/internaut/Desktop/PLP MOBILE APPLICATION (UPDATED)/node_modules/@babel/parser/lib/index.js:10844:61)
      at JSXParserMixin.parseExprOps (/Users/internaut/Desktop/PLP MOBILE APPLICATION (UPDATED)/node_modules/@babel/parser/lib/index.js:10849:23)
      at JSXParserMixin.parseMaybeConditional (/Users/internaut/Desktop/PLP MOBILE APPLICATION (UPDATED)/node_modules/@babel/parser/lib/index.js:10826:23)
      at JSXParserMixin.parseMaybeAssign (/Users/internaut/Desktop/PLP MOBILE APPLICATION (UPDATED)/node_modules/@babel/parser/lib/index.js:10779:21)
      at /Users/internaut/Desktop/PLP MOBILE APPLICATION (UPDATED)/node_modules/@babel/parser/lib/index.js:10748:39
      at JSXParserMixin.allowInAnd (/Users/internaut/Desktop/PLP MOBILE APPLICATION (UPDATED)/node_modules/@babel/parser/lib/index.js:12375:12)
      at JSXParserMixin.parseMaybeAssignAllowIn (/Users/internaut/Desktop/PLP MOBILE APPLICATION (UPDATED)/node_modules/@babel/parser/lib/index.js:10748:17)
      at JSXParserMixin.parseParenAndDistinguishExpression (/Users/internaut/Desktop/PLP MOBILE APPLICATION (UPDATED)/node_modules/@babel/parser/lib/index.js:11622:28)
      at JSXParserMixin.parseExprAtom (/Users/internaut/Desktop/PLP MOBILE APPLICATION (UPDATED)/node_modules/@babel/parser/lib/index.js:11276:23)
      at JSXParserMixin.parseExprAtom (/Users/internaut/Desktop/PLP MOBILE APPLICATION (UPDATED)/node_modules/@babel/parser/lib/index.js:4779:20)
      at JSXParserMixin.parseExprSubscripts (/Users/internaut/Desktop/PLP MOBILE APPLICATION (UPDATED)/node_modules/@babel/parser/lib/index.js:11026:23)
      at JSXParserMixin.parseUpdate (/Users/internaut/Desktop/PLP MOBILE APPLICATION (UPDATED)/node_modules/@babel/parser/lib/index.js:11011:21)
      at JSXParserMixin.parseMaybeUnary (/Users/internaut/Desktop/PLP MOBILE APPLICATION (UPDATED)/node_modules/@babel/parser/lib/index.js:10991:23)
      at JSXParserMixin.parseMaybeUnaryOrPrivate (/Users/internaut/Desktop/PLP MOBILE APPLICATION (UPDATED)/node_modules/@babel/parser/lib/index.js:10844:61)
      at JSXParserMixin.parseExprOpBaseRightExpr (/Users/internaut/Desktop/PLP MOBILE APPLICATION (UPDATED)/node_modules/@babel/parser/lib/index.js:10931:34)
      at JSXParserMixin.parseExprOpRightExpr (/Users/internaut/Desktop/PLP MOBILE APPLICATION (UPDATED)/node_modules/@babel/parser/lib/index.js:10926:21)
      at JSXParserMixin.parseExprOp (/Users/internaut/Desktop/PLP MOBILE APPLICATION (UPDATED)/node_modules/@babel/parser/lib/index.js:10892:27)
      at JSXParserMixin.parseExprOp (/Users/internaut/Desktop/PLP MOBILE APPLICATION (UPDATED)/node_modules/@babel/parser/lib/index.js:10898:21)
      at JSXParserMixin.parseExprOps (/Users/internaut/Desktop/PLP MOBILE APPLICATION (UPDATED)/node_modules/@babel/parser/lib/index.js:10853:17)
      at JSXParserMixin.parseMaybeConditional (/Users/internaut/Desktop/PLP MOBILE APPLICATION (UPDATED)/node_modules/@babel/parser/lib/index.js:10826:23)
      at JSXParserMixin.parseMaybeAssign (/Users/internaut/Desktop/PLP MOBILE APPLICATION (UPDATED)/node_modules/@babel/parser/lib/index.js:10779:21)
      at JSXParserMixin.parseExpressionBase (/Users/internaut/Desktop/PLP MOBILE APPLICATION (UPDATED)/node_modules/@babel/parser/lib/index.js:10732:23)
      at /Users/internaut/Desktop/PLP MOBILE APPLICATION (UPDATED)/node_modules/@babel/parser/lib/index.js:10728:39
      at JSXParserMixin.allowInAnd (/Users/internaut/Desktop/PLP MOBILE APPLICATION (UPDATED)/node_modules/@babel/parser/lib/index.js:12375:12)
      at JSXParserMixin.parseExpression (/Users/internaut/Desktop/PLP MOBILE APPLICATION (UPDATED)/node_modules/@babel/parser/lib/index.js:10728:17)
      at JSXParserMixin.jsxParseExpressionContainer (/Users/internaut/Desktop/PLP MOBILE APPLICATION (UPDATED)/node_modules/@babel/parser/lib/index.js:4647:31)
      at JSXParserMixin.jsxParseElementAt (/Users/internaut/Desktop/PLP MOBILE APPLICATION (UPDATED)/node_modules/@babel/parser/lib/index.js:4726:36)
      at JSXParserMixin.jsxParseElement (/Users/internaut/Desktop/PLP MOBILE APPLICATION (UPDATED)/node_modules/@babel/parser/lib/index.js:4764:17)
      at JSXParserMixin.parseExprAtom (/Users/internaut/Desktop/PLP MOBILE APPLICATION (UPDATED)/node_modules/@babel/parser/lib/index.js:4774:19)
      at JSXParserMixin.parseExprSubscripts (/Users/internaut/Desktop/PLP MOBILE APPLICATION (UPDATED)/node_modules/@babel/parser/lib/index.js:11026:23)
      at JSXParserMixin.parseUpdate (/Users/internaut/Desktop/PLP MOBILE APPLICATION (UPDATED)/node_modules/@babel/parser/lib/index.js:11011:21)
      at JSXParserMixin.parseMaybeUnary (/Users/internaut/Desktop/PLP MOBILE APPLICATION (UPDATED)/node_modules/@babel/parser/lib/index.js:10991:23)
      at JSXParserMixin.parseMaybeUnaryOrPrivate (/Users/internaut/Desktop/PLP MOBILE APPLICATION (UPDATED)/node_modules/@babel/parser/lib/index.js:10844:61)
      at JSXParserMixin.parseExprOps (/Users/internaut/Desktop/PLP MOBILE APPLICATION (UPDATED)/node_modules/@babel/parser/lib/index.js:10849:23)
      at JSXParserMixin.parseMaybeConditional (/Users/internaut/Desktop/PLP MOBILE APPLICATION (UPDATED)/node_modules/@babel/parser/lib/index.js:10826:23)
      at JSXParserMixin.parseMaybeAssign (/Users/internaut/Desktop/PLP MOBILE APPLICATION (UPDATED)/node_modules/@babel/parser/lib/index.js:10779:21)
      at /Users/internaut/Desktop/PLP MOBILE APPLICATION (UPDATED)/node_modules/@babel/parser/lib/index.js:10748:39
      at JSXParserMixin.allowInAnd (/Users/internaut/Desktop/PLP MOBILE APPLICATION (UPDATED)/node_modules/@babel/parser/lib/index.js:12375:12)
      at JSXParserMixin.parseMaybeAssignAllowIn (/Users/internaut/Desktop/PLP MOBILE APPLICATION (UPDATED)/node_modules/@babel/parser/lib/index.js:10748:17)
      at JSXParserMixin.parseParenAndDistinguishExpression (/Users/internaut/Desktop/PLP MOBILE APPLICATION (UPDATED)/node_modules/@babel/parser/lib/index.js:11622:28)
      at JSXParserMixin.parseExprAtom (/Users/internaut/Desktop/PLP MOBILE APPLICATION (UPDATED)/node_modules/@babel/parser/lib/index.js:11276:23)
12:22:47 AM [vite] (client) hmr update /src/App.jsx
12:22:47 AM [vite] Internal server error: /Users/internaut/Desktop/PLP MOBILE APPLICATION (UPDATED)/src/App.jsx: Expected corresponding JSX closing tag for <div>. (798:8)

  796 |             </div>
  797 |           </div>
> 798 |         </ScreenContainer>
      |         ^
  799 |       )}
  800 |
  801 |       {/* News */}
  Plugin: vite:react-babel
  File: /Users/internaut/Desktop/PLP MOBILE APPLICATION (UPDATED)/src/App.jsx:798:8
  796|              </div>
  797|            </div>
  798|          </ScreenContainer>
     |          ^
  799|        )}
  800|  
      at constructor (/Users/internaut/Desktop/PLP MOBILE APPLICATION (UPDATED)/node_modules/@babel/parser/lib/index.js:363:19)
      at JSXParserMixin.raise (/Users/internaut/Desktop/PLP MOBILE APPLICATION (UPDATED)/node_modules/@babel/parser/lib/index.js:6612:19)
      at JSXParserMixin.jsxParseElementAt (/Users/internaut/Desktop/PLP MOBILE APPLICATION (UPDATED)/node_modules/@babel/parser/lib/index.js:4742:16)
      at JSXParserMixin.jsxParseElementAt (/Users/internaut/Desktop/PLP MOBILE APPLICATION (UPDATED)/node_modules/@babel/parser/lib/index.js:4713:32)
      at JSXParserMixin.jsxParseElementAt (/Users/internaut/Desktop/PLP MOBILE APPLICATION (UPDATED)/node_modules/@babel/parser/lib/index.js:4713:32)
      at JSXParserMixin.jsxParseElement (/Users/internaut/Desktop/PLP MOBILE APPLICATION (UPDATED)/node_modules/@babel/parser/lib/index.js:4764:17)
      at JSXParserMixin.parseExprAtom (/Users/internaut/Desktop/PLP MOBILE APPLICATION (UPDATED)/node_modules/@babel/parser/lib/index.js:4774:19)
      at JSXParserMixin.parseExprSubscripts (/Users/internaut/Desktop/PLP MOBILE APPLICATION (UPDATED)/node_modules/@babel/parser/lib/index.js:11026:23)
      at JSXParserMixin.parseUpdate (/Users/internaut/Desktop/PLP MOBILE APPLICATION (UPDATED)/node_modules/@babel/parser/lib/index.js:11011:21)
      at JSXParserMixin.parseMaybeUnary (/Users/internaut/Desktop/PLP MOBILE APPLICATION (UPDATED)/node_modules/@babel/parser/lib/index.js:10991:23)
      at JSXParserMixin.parseMaybeUnaryOrPrivate (/Users/internaut/Desktop/PLP MOBILE APPLICATION (UPDATED)/node_modules/@babel/parser/lib/index.js:10844:61)
      at JSXParserMixin.parseExprOps (/Users/internaut/Desktop/PLP MOBILE APPLICATION (UPDATED)/node_modules/@babel/parser/lib/index.js:10849:23)
      at JSXParserMixin.parseMaybeConditional (/Users/internaut/Desktop/PLP MOBILE APPLICATION (UPDATED)/node_modules/@babel/parser/lib/index.js:10826:23)
      at JSXParserMixin.parseMaybeAssign (/Users/internaut/Desktop/PLP MOBILE APPLICATION (UPDATED)/node_modules/@babel/parser/lib/index.js:10779:21)
      at /Users/internaut/Desktop/PLP MOBILE APPLICATION (UPDATED)/node_modules/@babel/parser/lib/index.js:10748:39
      at JSXParserMixin.allowInAnd (/Users/internaut/Desktop/PLP MOBILE APPLICATION (UPDATED)/node_modules/@babel/parser/lib/index.js:12375:12)
      at JSXParserMixin.parseMaybeAssignAllowIn (/Users/internaut/Desktop/PLP MOBILE APPLICATION (UPDATED)/node_modules/@babel/parser/lib/index.js:10748:17)
      at JSXParserMixin.parseParenAndDistinguishExpression (/Users/internaut/Desktop/PLP MOBILE APPLICATION (UPDATED)/node_modules/@babel/parser/lib/index.js:11622:28)
      at JSXParserMixin.parseExprAtom (/Users/internaut/Desktop/PLP MOBILE APPLICATION (UPDATED)/node_modules/@babel/parser/lib/index.js:11276:23)
      at JSXParserMixin.parseExprAtom (/Users/internaut/Desktop/PLP MOBILE APPLICATION (UPDATED)/node_modules/@babel/parser/lib/index.js:4779:20)
      at JSXParserMixin.parseExprSubscripts (/Users/internaut/Desktop/PLP MOBILE APPLICATION (UPDATED)/node_modules/@babel/parser/lib/index.js:11026:23)
      at JSXParserMixin.parseUpdate (/Users/internaut/Desktop/PLP MOBILE APPLICATION (UPDATED)/node_modules/@babel/parser/lib/index.js:11011:21)
      at JSXParserMixin.parseMaybeUnary (/Users/internaut/Desktop/PLP MOBILE APPLICATION (UPDATED)/node_modules/@babel/parser/lib/index.js:10991:23)
      at JSXParserMixin.parseMaybeUnaryOrPrivate (/Users/internaut/Desktop/PLP MOBILE APPLICATION (UPDATED)/node_modules/@babel/parser/lib/index.js:10844:61)
      at JSXParserMixin.parseExprOpBaseRightExpr (/Users/internaut/Desktop/PLP MOBILE APPLICATION (UPDATED)/node_modules/@babel/parser/lib/index.js:10931:34)
      at JSXParserMixin.parseExprOpRightExpr (/Users/internaut/Desktop/PLP MOBILE APPLICATION (UPDATED)/node_modules/@babel/parser/lib/index.js:10926:21)
      at JSXParserMixin.parseExprOp (/Users/internaut/Desktop/PLP MOBILE APPLICATION (UPDATED)/node_modules/@babel/parser/lib/index.js:10892:27)
      at JSXParserMixin.parseExprOp (/Users/internaut/Desktop/PLP MOBILE APPLICATION (UPDATED)/node_modules/@babel/parser/lib/index.js:10898:21)
      at JSXParserMixin.parseExprOps (/Users/internaut/Desktop/PLP MOBILE APPLICATION (UPDATED)/node_modules/@babel/parser/lib/index.js:10853:17)
      at JSXParserMixin.parseMaybeConditional (/Users/internaut/Desktop/PLP MOBILE APPLICATION (UPDATED)/node_modules/@babel/parser/lib/index.js:10826:23)
      at JSXParserMixin.parseMaybeAssign (/Users/internaut/Desktop/PLP MOBILE APPLICATION (UPDATED)/node_modules/@babel/parser/lib/index.js:10779:21)
      at JSXParserMixin.parseExpressionBase (/Users/internaut/Desktop/PLP MOBILE APPLICATION (UPDATED)/node_modules/@babel/parser/lib/index.js:10732:23)
      at /Users/internaut/Desktop/PLP MOBILE APPLICATION (UPDATED)/node_modules/@babel/parser/lib/index.js:10728:39
      at JSXParserMixin.allowInAnd (/Users/internaut/Desktop/PLP MOBILE APPLICATION (UPDATED)/node_modules/@babel/parser/lib/index.js:12375:12)
      at JSXParserMixin.parseExpression (/Users/internaut/Desktop/PLP MOBILE APPLICATION (UPDATED)/node_modules/@babel/parser/lib/index.js:10728:17)
      at JSXParserMixin.jsxParseExpressionContainer (/Users/internaut/Desktop/PLP MOBILE APPLICATION (UPDATED)/node_modules/@babel/parser/lib/index.js:4647:31)
      at JSXParserMixin.jsxParseElementAt (/Users/internaut/Desktop/PLP MOBILE APPLICATION (UPDATED)/node_modules/@babel/parser/lib/index.js:4726:36)
      at JSXParserMixin.jsxParseElement (/Users/internaut/Desktop/PLP MOBILE APPLICATION (UPDATED)/node_modules/@babel/parser/lib/index.js:4764:17)
      at JSXParserMixin.parseExprAtom (/Users/internaut/Desktop/PLP MOBILE APPLICATION (UPDATED)/node_modules/@babel/parser/lib/index.js:4774:19)
      at JSXParserMixin.parseExprSubscripts (/Users/internaut/Desktop/PLP MOBILE APPLICATION (UPDATED)/node_modules/@babel/parser/lib/index.js:11026:23)
      at JSXParserMixin.parseUpdate (/Users/internaut/Desktop/PLP MOBILE APPLICATION (UPDATED)/node_modules/@babel/parser/lib/index.js:11011:21)
      at JSXParserMixin.parseMaybeUnary (/Users/internaut/Desktop/PLP MOBILE APPLICATION (UPDATED)/node_modules/@babel/parser/lib/index.js:10991:23)
      at JSXParserMixin.parseMaybeUnaryOrPrivate (/Users/internaut/Desktop/PLP MOBILE APPLICATION (UPDATED)/node_modules/@babel/parser/lib/index.js:10844:61)
      at JSXParserMixin.parseExprOps (/Users/internaut/Desktop/PLP MOBILE APPLICATION (UPDATED)/node_modules/@babel/parser/lib/index.js:10849:23)
      at JSXParserMixin.parseMaybeConditional (/Users/internaut/Desktop/PLP MOBILE APPLICATION (UPDATED)/node_modules/@babel/parser/lib/index.js:10826:23)
      at JSXParserMixin.parseMaybeAssign (/Users/internaut/Desktop/PLP MOBILE APPLICATION (UPDATED)/node_modules/@babel/parser/lib/index.js:10779:21)
      at /Users/internaut/Desktop/PLP MOBILE APPLICATION (UPDATED)/node_modules/@babel/parser/lib/index.js:10748:39
      at JSXParserMixin.allowInAnd (/Users/internaut/Desktop/PLP MOBILE APPLICATION (UPDATED)/node_modules/@babel/parser/lib/index.js:12375:12)
      at JSXParserMixin.parseMaybeAssignAllowIn (/Users/internaut/Desktop/PLP MOBILE APPLICATION (UPDATED)/node_modules/@babel/parser/lib/index.js:10748:17)
      at JSXParserMixin.parseParenAndDistinguishExpression (/Users/internaut/Desktop/PLP MOBILE APPLICATION (UPDATED)/node_modules/@babel/parser/lib/index.js:11622:28)
12:23:13 AM [vite] (client) hmr update /src/App.jsx
12:23:13 AM [vite] Internal server error: /Users/internaut/Desktop/PLP MOBILE APPLICATION (UPDATED)/src/App.jsx: Expected corresponding JSX closing tag for <div>. (799:8)

  797 |           </div>
  798 |           </div>
> 799 |         </ScreenContainer>
      |         ^
  800 |       )}
  801 |
  802 |       {/* News */}
  Plugin: vite:react-babel
  File: /Users/internaut/Desktop/PLP MOBILE APPLICATION (UPDATED)/src/App.jsx:799:8
  797|            </div>
  798|            </div>
  799|          </ScreenContainer>
     |          ^
  800|        )}
  801|  
      at constructor (/Users/internaut/Desktop/PLP MOBILE APPLICATION (UPDATED)/node_modules/@babel/parser/lib/index.js:363:19)
      at JSXParserMixin.raise (/Users/internaut/Desktop/PLP MOBILE APPLICATION (UPDATED)/node_modules/@babel/parser/lib/index.js:6612:19)
      at JSXParserMixin.jsxParseElementAt (/Users/internaut/Desktop/PLP MOBILE APPLICATION (UPDATED)/node_modules/@babel/parser/lib/index.js:4742:16)
      at JSXParserMixin.jsxParseElementAt (/Users/internaut/Desktop/PLP MOBILE APPLICATION (UPDATED)/node_modules/@babel/parser/lib/index.js:4713:32)
      at JSXParserMixin.jsxParseElement (/Users/internaut/Desktop/PLP MOBILE APPLICATION (UPDATED)/node_modules/@babel/parser/lib/index.js:4764:17)
      at JSXParserMixin.parseExprAtom (/Users/internaut/Desktop/PLP MOBILE APPLICATION (UPDATED)/node_modules/@babel/parser/lib/index.js:4774:19)
      at JSXParserMixin.parseExprSubscripts (/Users/internaut/Desktop/PLP MOBILE APPLICATION (UPDATED)/node_modules/@babel/parser/lib/index.js:11026:23)
      at JSXParserMixin.parseUpdate (/Users/internaut/Desktop/PLP MOBILE APPLICATION (UPDATED)/node_modules/@babel/parser/lib/index.js:11011:21)
      at JSXParserMixin.parseMaybeUnary (/Users/internaut/Desktop/PLP MOBILE APPLICATION (UPDATED)/node_modules/@babel/parser/lib/index.js:10991:23)
      at JSXParserMixin.parseMaybeUnaryOrPrivate (/Users/internaut/Desktop/PLP MOBILE APPLICATION (UPDATED)/node_modules/@babel/parser/lib/index.js:10844:61)
      at JSXParserMixin.parseExprOps (/Users/internaut/Desktop/PLP MOBILE APPLICATION (UPDATED)/node_modules/@babel/parser/lib/index.js:10849:23)
      at JSXParserMixin.parseMaybeConditional (/Users/internaut/Desktop/PLP MOBILE APPLICATION (UPDATED)/node_modules/@babel/parser/lib/index.js:10826:23)
      at JSXParserMixin.parseMaybeAssign (/Users/internaut/Desktop/PLP MOBILE APPLICATION (UPDATED)/node_modules/@babel/parser/lib/index.js:10779:21)
      at /Users/internaut/Desktop/PLP MOBILE APPLICATION (UPDATED)/node_modules/@babel/parser/lib/index.js:10748:39
      at JSXParserMixin.allowInAnd (/Users/internaut/Desktop/PLP MOBILE APPLICATION (UPDATED)/node_modules/@babel/parser/lib/index.js:12375:12)
      at JSXParserMixin.parseMaybeAssignAllowIn (/Users/internaut/Desktop/PLP MOBILE APPLICATION (UPDATED)/node_modules/@babel/parser/lib/index.js:10748:17)
      at JSXParserMixin.parseParenAndDistinguishExpression (/Users/internaut/Desktop/PLP MOBILE APPLICATION (UPDATED)/node_modules/@babel/parser/lib/index.js:11622:28)
      at JSXParserMixin.parseExprAtom (/Users/internaut/Desktop/PLP MOBILE APPLICATION (UPDATED)/node_modules/@babel/parser/lib/index.js:11276:23)
      at JSXParserMixin.parseExprAtom (/Users/internaut/Desktop/PLP MOBILE APPLICATION (UPDATED)/node_modules/@babel/parser/lib/index.js:4779:20)
      at JSXParserMixin.parseExprSubscripts (/Users/internaut/Desktop/PLP MOBILE APPLICATION (UPDATED)/node_modules/@babel/parser/lib/index.js:11026:23)
      at JSXParserMixin.parseUpdate (/Users/internaut/Desktop/PLP MOBILE APPLICATION (UPDATED)/node_modules/@babel/parser/lib/index.js:11011:21)
      at JSXParserMixin.parseMaybeUnary (/Users/internaut/Desktop/PLP MOBILE APPLICATION (UPDATED)/node_modules/@babel/parser/lib/index.js:10991:23)
      at JSXParserMixin.parseMaybeUnaryOrPrivate (/Users/internaut/Desktop/PLP MOBILE APPLICATION (UPDATED)/node_modules/@babel/parser/lib/index.js:10844:61)
      at JSXParserMixin.parseExprOpBaseRightExpr (/Users/internaut/Desktop/PLP MOBILE APPLICATION (UPDATED)/node_modules/@babel/parser/lib/index.js:10931:34)
      at JSXParserMixin.parseExprOpRightExpr (/Users/internaut/Desktop/PLP MOBILE APPLICATION (UPDATED)/node_modules/@babel/parser/lib/index.js:10926:21)
      at JSXParserMixin.parseExprOp (/Users/internaut/Desktop/PLP MOBILE APPLICATION (UPDATED)/node_modules/@babel/parser/lib/index.js:10892:27)
      at JSXParserMixin.parseExprOp (/Users/internaut/Desktop/PLP MOBILE APPLICATION (UPDATED)/node_modules/@babel/parser/lib/index.js:10898:21)
      at JSXParserMixin.parseExprOps (/Users/internaut/Desktop/PLP MOBILE APPLICATION (UPDATED)/node_modules/@babel/parser/lib/index.js:10853:17)
      at JSXParserMixin.parseMaybeConditional (/Users/internaut/Desktop/PLP MOBILE APPLICATION (UPDATED)/node_modules/@babel/parser/lib/index.js:10826:23)
      at JSXParserMixin.parseMaybeAssign (/Users/internaut/Desktop/PLP MOBILE APPLICATION (UPDATED)/node_modules/@babel/parser/lib/index.js:10779:21)
      at JSXParserMixin.parseExpressionBase (/Users/internaut/Desktop/PLP MOBILE APPLICATION (UPDATED)/node_modules/@babel/parser/lib/index.js:10732:23)
      at /Users/internaut/Desktop/PLP MOBILE APPLICATION (UPDATED)/node_modules/@babel/parser/lib/index.js:10728:39
      at JSXParserMixin.allowInAnd (/Users/internaut/Desktop/PLP MOBILE APPLICATION (UPDATED)/node_modules/@babel/parser/lib/index.js:12375:12)
      at JSXParserMixin.parseExpression (/Users/internaut/Desktop/PLP MOBILE APPLICATION (UPDATED)/node_modules/@babel/parser/lib/index.js:10728:17)
      at JSXParserMixin.jsxParseExpressionContainer (/Users/internaut/Desktop/PLP MOBILE APPLICATION (UPDATED)/node_modules/@babel/parser/lib/index.js:4647:31)
      at JSXParserMixin.jsxParseElementAt (/Users/internaut/Desktop/PLP MOBILE APPLICATION (UPDATED)/node_modules/@babel/parser/lib/index.js:4726:36)
      at JSXParserMixin.jsxParseElement (/Users/internaut/Desktop/PLP MOBILE APPLICATION (UPDATED)/node_modules/@babel/parser/lib/index.js:4764:17)
      at JSXParserMixin.parseExprAtom (/Users/internaut/Desktop/PLP MOBILE APPLICATION (UPDATED)/node_modules/@babel/parser/lib/index.js:4774:19)
      at JSXParserMixin.parseExprSubscripts (/Users/internaut/Desktop/PLP MOBILE APPLICATION (UPDATED)/node_modules/@babel/parser/lib/index.js:11026:23)
      at JSXParserMixin.parseUpdate (/Users/internaut/Desktop/PLP MOBILE APPLICATION (UPDATED)/node_modules/@babel/parser/lib/index.js:11011:21)
      at JSXParserMixin.parseMaybeUnary (/Users/internaut/Desktop/PLP MOBILE APPLICATION (UPDATED)/node_modules/@babel/parser/lib/index.js:10991:23)
      at JSXParserMixin.parseMaybeUnaryOrPrivate (/Users/internaut/Desktop/PLP MOBILE APPLICATION (UPDATED)/node_modules/@babel/parser/lib/index.js:10844:61)
      at JSXParserMixin.parseExprOps (/Users/internaut/Desktop/PLP MOBILE APPLICATION (UPDATED)/node_modules/@babel/parser/lib/index.js:10849:23)
      at JSXParserMixin.parseMaybeConditional (/Users/internaut/Desktop/PLP MOBILE APPLICATION (UPDATED)/node_modules/@babel/parser/lib/index.js:10826:23)
      at JSXParserMixin.parseMaybeAssign (/Users/internaut/Desktop/PLP MOBILE APPLICATION (UPDATED)/node_modules/@babel/parser/lib/index.js:10779:21)
      at /Users/internaut/Desktop/PLP MOBILE APPLICATION (UPDATED)/node_modules/@babel/parser/lib/index.js:10748:39
      at JSXParserMixin.allowInAnd (/Users/internaut/Desktop/PLP MOBILE APPLICATION (UPDATED)/node_modules/@babel/parser/lib/index.js:12375:12)
      at JSXParserMixin.parseMaybeAssignAllowIn (/Users/internaut/Desktop/PLP MOBILE APPLICATION (UPDATED)/node_modules/@babel/parser/lib/index.js:10748:17)
      at JSXParserMixin.parseParenAndDistinguishExpression (/Users/internaut/Desktop/PLP MOBILE APPLICATION (UPDATED)/node_modules/@babel/parser/lib/index.js:11622:28)
      at JSXParserMixin.parseExprAtom (/Users/internaut/Desktop/PLP MOBILE APPLICATION (UPDATED)/node_modules/@babel/parser/lib/index.js:11276:23)
12:23:36 AM [vite] (client) hmr update /src/App.jsx
12:23:36 AM [vite] Internal server error: /Users/internaut/Desktop/PLP MOBILE APPLICATION (UPDATED)/src/App.jsx: Expected corresponding JSX closing tag for <ScreenContainer>. (1109:4)

  1107 |         />
  1108 |       )}
> 1109 |     </div>
       |     ^
  1110 |   )
  1111 | }
  1112 |
  Plugin: vite:react-babel
  File: /Users/internaut/Desktop/PLP MOBILE APPLICATION (UPDATED)/src/App.jsx:1109:4
  1107|          />
  1108|        )}
  1109|      </div>
     |      ^
  1110|    )
  1111|  }
      at constructor (/Users/internaut/Desktop/PLP MOBILE APPLICATION (UPDATED)/node_modules/@babel/parser/lib/index.js:363:19)
      at JSXParserMixin.raise (/Users/internaut/Desktop/PLP MOBILE APPLICATION (UPDATED)/node_modules/@babel/parser/lib/index.js:6612:19)
      at JSXParserMixin.jsxParseElementAt (/Users/internaut/Desktop/PLP MOBILE APPLICATION (UPDATED)/node_modules/@babel/parser/lib/index.js:4742:16)
      at JSXParserMixin.jsxParseElement (/Users/internaut/Desktop/PLP MOBILE APPLICATION (UPDATED)/node_modules/@babel/parser/lib/index.js:4764:17)
      at JSXParserMixin.parseExprAtom (/Users/internaut/Desktop/PLP MOBILE APPLICATION (UPDATED)/node_modules/@babel/parser/lib/index.js:4774:19)
      at JSXParserMixin.parseExprSubscripts (/Users/internaut/Desktop/PLP MOBILE APPLICATION (UPDATED)/node_modules/@babel/parser/lib/index.js:11026:23)
      at JSXParserMixin.parseUpdate (/Users/internaut/Desktop/PLP MOBILE APPLICATION (UPDATED)/node_modules/@babel/parser/lib/index.js:11011:21)
      at JSXParserMixin.parseMaybeUnary (/Users/internaut/Desktop/PLP MOBILE APPLICATION (UPDATED)/node_modules/@babel/parser/lib/index.js:10991:23)
      at JSXParserMixin.parseMaybeUnaryOrPrivate (/Users/internaut/Desktop/PLP MOBILE APPLICATION (UPDATED)/node_modules/@babel/parser/lib/index.js:10844:61)
      at JSXParserMixin.parseExprOps (/Users/internaut/Desktop/PLP MOBILE APPLICATION (UPDATED)/node_modules/@babel/parser/lib/index.js:10849:23)
      at JSXParserMixin.parseMaybeConditional (/Users/internaut/Desktop/PLP MOBILE APPLICATION (UPDATED)/node_modules/@babel/parser/lib/index.js:10826:23)
      at JSXParserMixin.parseMaybeAssign (/Users/internaut/Desktop/PLP MOBILE APPLICATION (UPDATED)/node_modules/@babel/parser/lib/index.js:10779:21)
      at /Users/internaut/Desktop/PLP MOBILE APPLICATION (UPDATED)/node_modules/@babel/parser/lib/index.js:10748:39
      at JSXParserMixin.allowInAnd (/Users/internaut/Desktop/PLP MOBILE APPLICATION (UPDATED)/node_modules/@babel/parser/lib/index.js:12375:12)
      at JSXParserMixin.parseMaybeAssignAllowIn (/Users/internaut/Desktop/PLP MOBILE APPLICATION (UPDATED)/node_modules/@babel/parser/lib/index.js:10748:17)
      at JSXParserMixin.parseParenAndDistinguishExpression (/Users/internaut/Desktop/PLP MOBILE APPLICATION (UPDATED)/node_modules/@babel/parser/lib/index.js:11622:28)
      at JSXParserMixin.parseExprAtom (/Users/internaut/Desktop/PLP MOBILE APPLICATION (UPDATED)/node_modules/@babel/parser/lib/index.js:11276:23)
      at JSXParserMixin.parseExprAtom (/Users/internaut/Desktop/PLP MOBILE APPLICATION (UPDATED)/node_modules/@babel/parser/lib/index.js:4779:20)
      at JSXParserMixin.parseExprSubscripts (/Users/internaut/Desktop/PLP MOBILE APPLICATION (UPDATED)/node_modules/@babel/parser/lib/index.js:11026:23)
      at JSXParserMixin.parseUpdate (/Users/internaut/Desktop/PLP MOBILE APPLICATION (UPDATED)/node_modules/@babel/parser/lib/index.js:11011:21)
      at JSXParserMixin.parseMaybeUnary (/Users/internaut/Desktop/PLP MOBILE APPLICATION (UPDATED)/node_modules/@babel/parser/lib/index.js:10991:23)
      at JSXParserMixin.parseMaybeUnaryOrPrivate (/Users/internaut/Desktop/PLP MOBILE APPLICATION (UPDATED)/node_modules/@babel/parser/lib/index.js:10844:61)
      at JSXParserMixin.parseExprOpBaseRightExpr (/Users/internaut/Desktop/PLP MOBILE APPLICATION (UPDATED)/node_modules/@babel/parser/lib/index.js:10931:34)
      at JSXParserMixin.parseExprOpRightExpr (/Users/internaut/Desktop/PLP MOBILE APPLICATION (UPDATED)/node_modules/@babel/parser/lib/index.js:10926:21)
      at JSXParserMixin.parseExprOp (/Users/internaut/Desktop/PLP MOBILE APPLICATION (UPDATED)/node_modules/@babel/parser/lib/index.js:10892:27)
      at JSXParserMixin.parseExprOp (/Users/internaut/Desktop/PLP MOBILE APPLICATION (UPDATED)/node_modules/@babel/parser/lib/index.js:10898:21)
      at JSXParserMixin.parseExprOps (/Users/internaut/Desktop/PLP MOBILE APPLICATION (UPDATED)/node_modules/@babel/parser/lib/index.js:10853:17)
      at JSXParserMixin.parseMaybeConditional (/Users/internaut/Desktop/PLP MOBILE APPLICATION (UPDATED)/node_modules/@babel/parser/lib/index.js:10826:23)
      at JSXParserMixin.parseMaybeAssign (/Users/internaut/Desktop/PLP MOBILE APPLICATION (UPDATED)/node_modules/@babel/parser/lib/index.js:10779:21)
      at JSXParserMixin.parseExpressionBase (/Users/internaut/Desktop/PLP MOBILE APPLICATION (UPDATED)/node_modules/@babel/parser/lib/index.js:10732:23)
      at /Users/internaut/Desktop/PLP MOBILE APPLICATION (UPDATED)/node_modules/@babel/parser/lib/index.js:10728:39
      at JSXParserMixin.allowInAnd (/Users/internaut/Desktop/PLP MOBILE APPLICATION (UPDATED)/node_modules/@babel/parser/lib/index.js:12375:12)
      at JSXParserMixin.parseExpression (/Users/internaut/Desktop/PLP MOBILE APPLICATION (UPDATED)/node_modules/@babel/parser/lib/index.js:10728:17)
      at JSXParserMixin.jsxParseExpressionContainer (/Users/internaut/Desktop/PLP MOBILE APPLICATION (UPDATED)/node_modules/@babel/parser/lib/index.js:4647:31)
      at JSXParserMixin.jsxParseElementAt (/Users/internaut/Desktop/PLP MOBILE APPLICATION (UPDATED)/node_modules/@babel/parser/lib/index.js:4726:36)
      at JSXParserMixin.jsxParseElement (/Users/internaut/Desktop/PLP MOBILE APPLICATION (UPDATED)/node_modules/@babel/parser/lib/index.js:4764:17)
      at JSXParserMixin.parseExprAtom (/Users/internaut/Desktop/PLP MOBILE APPLICATION (UPDATED)/node_modules/@babel/parser/lib/index.js:4774:19)
      at JSXParserMixin.parseExprSubscripts (/Users/internaut/Desktop/PLP MOBILE APPLICATION (UPDATED)/node_modules/@babel/parser/lib/index.js:11026:23)
      at JSXParserMixin.parseUpdate (/Users/internaut/Desktop/PLP MOBILE APPLICATION (UPDATED)/node_modules/@babel/parser/lib/index.js:11011:21)
      at JSXParserMixin.parseMaybeUnary (/Users/internaut/Desktop/PLP MOBILE APPLICATION (UPDATED)/node_modules/@babel/parser/lib/index.js:10991:23)
      at JSXParserMixin.parseMaybeUnaryOrPrivate (/Users/internaut/Desktop/PLP MOBILE APPLICATION (UPDATED)/node_modules/@babel/parser/lib/index.js:10844:61)
      at JSXParserMixin.parseExprOps (/Users/internaut/Desktop/PLP MOBILE APPLICATION (UPDATED)/node_modules/@babel/parser/lib/index.js:10849:23)
      at JSXParserMixin.parseMaybeConditional (/Users/internaut/Desktop/PLP MOBILE APPLICATION (UPDATED)/node_modules/@babel/parser/lib/index.js:10826:23)
      at JSXParserMixin.parseMaybeAssign (/Users/internaut/Desktop/PLP MOBILE APPLICATION (UPDATED)/node_modules/@babel/parser/lib/index.js:10779:21)
      at /Users/internaut/Desktop/PLP MOBILE APPLICATION (UPDATED)/node_modules/@babel/parser/lib/index.js:10748:39
      at JSXParserMixin.allowInAnd (/Users/internaut/Desktop/PLP MOBILE APPLICATION (UPDATED)/node_modules/@babel/parser/lib/index.js:12375:12)
      at JSXParserMixin.parseMaybeAssignAllowIn (/Users/internaut/Desktop/PLP MOBILE APPLICATION (UPDATED)/node_modules/@babel/parser/lib/index.js:10748:17)
      at JSXParserMixin.parseParenAndDistinguishExpression (/Users/internaut/Desktop/PLP MOBILE APPLICATION (UPDATED)/node_modules/@babel/parser/lib/index.js:11622:28)
      at JSXParserMixin.parseExprAtom (/Users/internaut/Desktop/PLP MOBILE APPLICATION (UPDATED)/node_modules/@babel/parser/lib/index.js:11276:23)
      at JSXParserMixin.parseExprAtom (/Users/internaut/Desktop/PLP MOBILE APPLICATION (UPDATED)/node_modules/@babel/parser/lib/index.js:4779:20)
12:23:55 AM [vite] (client) hmr update /src/App.jsx
12:29:55 AM [vite] (client) hmr update /src/App.css
12:30:03 AM [vite] (client) hmr update /src/App.css
12:30:20 AM [vite] (client) hmr update /src/App.css
12:30:33 AM [vite] (client) hmr update /src/App.css
12:30:50 AM [vite] (client) hmr update /src/App.css
12:31:01 AM [vite] (client) hmr update /src/App.jsx
12:31:01 AM [vite] Internal server error: /Users/internaut/Desktop/PLP MOBILE APPLICATION (UPDATED)/src/App.jsx: Unterminated JSX contents. (1111:10)

  1109 |         />
  1110 |       )}
> 1111 |     </div>
       |           ^
  1112 |   )
  1113 | }
  1114 |
  Plugin: vite:react-babel
  File: /Users/internaut/Desktop/PLP MOBILE APPLICATION (UPDATED)/src/App.jsx:1111:10
  1109|          />
  1110|        )}
  1111|      </div>
     |            ^
  1112|    )
  1113|  }
      at constructor (/Users/internaut/Desktop/PLP MOBILE APPLICATION (UPDATED)/node_modules/@babel/parser/lib/index.js:363:19)
      at JSXParserMixin.raise (/Users/internaut/Desktop/PLP MOBILE APPLICATION (UPDATED)/node_modules/@babel/parser/lib/index.js:6612:19)
      at JSXParserMixin.jsxReadToken (/Users/internaut/Desktop/PLP MOBILE APPLICATION (UPDATED)/node_modules/@babel/parser/lib/index.js:4463:20)
      at JSXParserMixin.getTokenFromCode (/Users/internaut/Desktop/PLP MOBILE APPLICATION (UPDATED)/node_modules/@babel/parser/lib/index.js:4789:12)
      at JSXParserMixin.nextToken (/Users/internaut/Desktop/PLP MOBILE APPLICATION (UPDATED)/node_modules/@babel/parser/lib/index.js:5795:10)
      at JSXParserMixin.next (/Users/internaut/Desktop/PLP MOBILE APPLICATION (UPDATED)/node_modules/@babel/parser/lib/index.js:5705:10)
      at JSXParserMixin.eat (/Users/internaut/Desktop/PLP MOBILE APPLICATION (UPDATED)/node_modules/@babel/parser/lib/index.js:5709:12)
      at JSXParserMixin.expect (/Users/internaut/Desktop/PLP MOBILE APPLICATION (UPDATED)/node_modules/@babel/parser/lib/index.js:6911:15)
      at JSXParserMixin.jsxParseClosingElementAt (/Users/internaut/Desktop/PLP MOBILE APPLICATION (UPDATED)/node_modules/@babel/parser/lib/index.js:4695:10)
      at JSXParserMixin.jsxParseElementAt (/Users/internaut/Desktop/PLP MOBILE APPLICATION (UPDATED)/node_modules/@babel/parser/lib/index.js:4710:37)
      at JSXParserMixin.jsxParseElementAt (/Users/internaut/Desktop/PLP MOBILE APPLICATION (UPDATED)/node_modules/@babel/parser/lib/index.js:4713:32)
      at JSXParserMixin.jsxParseElement (/Users/internaut/Desktop/PLP MOBILE APPLICATION (UPDATED)/node_modules/@babel/parser/lib/index.js:4764:17)
      at JSXParserMixin.parseExprAtom (/Users/internaut/Desktop/PLP MOBILE APPLICATION (UPDATED)/node_modules/@babel/parser/lib/index.js:4774:19)
      at JSXParserMixin.parseExprSubscripts (/Users/internaut/Desktop/PLP MOBILE APPLICATION (UPDATED)/node_modules/@babel/parser/lib/index.js:11026:23)
      at JSXParserMixin.parseUpdate (/Users/internaut/Desktop/PLP MOBILE APPLICATION (UPDATED)/node_modules/@babel/parser/lib/index.js:11011:21)
      at JSXParserMixin.parseMaybeUnary (/Users/internaut/Desktop/PLP MOBILE APPLICATION (UPDATED)/node_modules/@babel/parser/lib/index.js:10991:23)
      at JSXParserMixin.parseMaybeUnaryOrPrivate (/Users/internaut/Desktop/PLP MOBILE APPLICATION (UPDATED)/node_modules/@babel/parser/lib/index.js:10844:61)
      at JSXParserMixin.parseExprOps (/Users/internaut/Desktop/PLP MOBILE APPLICATION (UPDATED)/node_modules/@babel/parser/lib/index.js:10849:23)
      at JSXParserMixin.parseMaybeConditional (/Users/internaut/Desktop/PLP MOBILE APPLICATION (UPDATED)/node_modules/@babel/parser/lib/index.js:10826:23)
      at JSXParserMixin.parseMaybeAssign (/Users/internaut/Desktop/PLP MOBILE APPLICATION (UPDATED)/node_modules/@babel/parser/lib/index.js:10779:21)
      at /Users/internaut/Desktop/PLP MOBILE APPLICATION (UPDATED)/node_modules/@babel/parser/lib/index.js:10748:39
      at JSXParserMixin.allowInAnd (/Users/internaut/Desktop/PLP MOBILE APPLICATION (UPDATED)/node_modules/@babel/parser/lib/index.js:12375:12)
      at JSXParserMixin.parseMaybeAssignAllowIn (/Users/internaut/Desktop/PLP MOBILE APPLICATION (UPDATED)/node_modules/@babel/parser/lib/index.js:10748:17)
      at JSXParserMixin.parseParenAndDistinguishExpression (/Users/internaut/Desktop/PLP MOBILE APPLICATION (UPDATED)/node_modules/@babel/parser/lib/index.js:11622:28)
      at JSXParserMixin.parseExprAtom (/Users/internaut/Desktop/PLP MOBILE APPLICATION (UPDATED)/node_modules/@babel/parser/lib/index.js:11276:23)
      at JSXParserMixin.parseExprAtom (/Users/internaut/Desktop/PLP MOBILE APPLICATION (UPDATED)/node_modules/@babel/parser/lib/index.js:4779:20)
      at JSXParserMixin.parseExprSubscripts (/Users/internaut/Desktop/PLP MOBILE APPLICATION (UPDATED)/node_modules/@babel/parser/lib/index.js:11026:23)
      at JSXParserMixin.parseUpdate (/Users/internaut/Desktop/PLP MOBILE APPLICATION (UPDATED)/node_modules/@babel/parser/lib/index.js:11011:21)
      at JSXParserMixin.parseMaybeUnary (/Users/internaut/Desktop/PLP MOBILE APPLICATION (UPDATED)/node_modules/@babel/parser/lib/index.js:10991:23)
      at JSXParserMixin.parseMaybeUnaryOrPrivate (/Users/internaut/Desktop/PLP MOBILE APPLICATION (UPDATED)/node_modules/@babel/parser/lib/index.js:10844:61)
      at JSXParserMixin.parseExprOps (/Users/internaut/Desktop/PLP MOBILE APPLICATION (UPDATED)/node_modules/@babel/parser/lib/index.js:10849:23)
      at JSXParserMixin.parseMaybeConditional (/Users/internaut/Desktop/PLP MOBILE APPLICATION (UPDATED)/node_modules/@babel/parser/lib/index.js:10826:23)
      at JSXParserMixin.parseMaybeAssign (/Users/internaut/Desktop/PLP MOBILE APPLICATION (UPDATED)/node_modules/@babel/parser/lib/index.js:10779:21)
      at JSXParserMixin.parseExpressionBase (/Users/internaut/Desktop/PLP MOBILE APPLICATION (UPDATED)/node_modules/@babel/parser/lib/index.js:10732:23)
      at /Users/internaut/Desktop/PLP MOBILE APPLICATION (UPDATED)/node_modules/@babel/parser/lib/index.js:10728:39
      at JSXParserMixin.allowInAnd (/Users/internaut/Desktop/PLP MOBILE APPLICATION (UPDATED)/node_modules/@babel/parser/lib/index.js:12370:16)
      at JSXParserMixin.parseExpression (/Users/internaut/Desktop/PLP MOBILE APPLICATION (UPDATED)/node_modules/@babel/parser/lib/index.js:10728:17)
      at JSXParserMixin.parseReturnStatement (/Users/internaut/Desktop/PLP MOBILE APPLICATION (UPDATED)/node_modules/@babel/parser/lib/index.js:13075:28)
      at JSXParserMixin.parseStatementContent (/Users/internaut/Desktop/PLP MOBILE APPLICATION (UPDATED)/node_modules/@babel/parser/lib/index.js:12730:21)
      at JSXParserMixin.parseStatementLike (/Users/internaut/Desktop/PLP MOBILE APPLICATION (UPDATED)/node_modules/@babel/parser/lib/index.js:12699:17)
      at JSXParserMixin.parseStatementListItem (/Users/internaut/Desktop/PLP MOBILE APPLICATION (UPDATED)/node_modules/@babel/parser/lib/index.js:12679:17)
      at JSXParserMixin.parseBlockOrModuleBlockBody (/Users/internaut/Desktop/PLP MOBILE APPLICATION (UPDATED)/node_modules/@babel/parser/lib/index.js:13249:61)
      at JSXParserMixin.parseBlockBody (/Users/internaut/Desktop/PLP MOBILE APPLICATION (UPDATED)/node_modules/@babel/parser/lib/index.js:13242:10)
      at JSXParserMixin.parseBlock (/Users/internaut/Desktop/PLP MOBILE APPLICATION (UPDATED)/node_modules/@babel/parser/lib/index.js:13230:10)
      at JSXParserMixin.parseFunctionBody (/Users/internaut/Desktop/PLP MOBILE APPLICATION (UPDATED)/node_modules/@babel/parser/lib/index.js:12049:24)
      at JSXParserMixin.parseFunctionBodyAndFinish (/Users/internaut/Desktop/PLP MOBILE APPLICATION (UPDATED)/node_modules/@babel/parser/lib/index.js:12035:10)
      at /Users/internaut/Desktop/PLP MOBILE APPLICATION (UPDATED)/node_modules/@babel/parser/lib/index.js:13374:12
      at JSXParserMixin.withSmartMixTopicForbiddingContext (/Users/internaut/Desktop/PLP MOBILE APPLICATION (UPDATED)/node_modules/@babel/parser/lib/index.js:12352:14)
      at JSXParserMixin.parseFunction (/Users/internaut/Desktop/PLP MOBILE APPLICATION (UPDATED)/node_modules/@babel/parser/lib/index.js:13373:10)
      at JSXParserMixin.parseFunctionStatement (/Users/internaut/Desktop/PLP MOBILE APPLICATION (UPDATED)/node_modules/@babel/parser/lib/index.js:13058:17)
12:31:10 AM [vite] (client) hmr update /src/App.jsx
12:31:25 AM [vite] (client) page reload index.html
12:31:32 AM [vite] (client) hmr update /src/App.css
12:31:39 AM [vite] (client) hmr update /src/App.css
12:36:47 AM [vite] (client) hmr update /src/App.css
12:36:59 AM [vite] (client) hmr update /src/App.css
12:37:07 AM [vite] (client) hmr update /src/App.css
12:37:15 AM [vite] (client) hmr update /src/App.css
12:37:20 AM [vite] (client) hmr update /src/App.jsx
12:37:21 AM [vite] Internal server error: /Users/internaut/Desktop/PLP MOBILE APPLICATION (UPDATED)/src/App.jsx: Unterminated JSX contents. (1113:10)

  1111 |         />
  1112 |       )}
> 1113 |     </div>
       |           ^
  1114 |   )
  1115 | }
  1116 |
  Plugin: vite:react-babel
  File: /Users/internaut/Desktop/PLP MOBILE APPLICATION (UPDATED)/src/App.jsx:1113:10
  1111|          />
  1112|        )}
  1113|      </div>
     |            ^
  1114|    )
  1115|  }
      at constructor (/Users/internaut/Desktop/PLP MOBILE APPLICATION (UPDATED)/node_modules/@babel/parser/lib/index.js:363:19)
      at JSXParserMixin.raise (/Users/internaut/Desktop/PLP MOBILE APPLICATION (UPDATED)/node_modules/@babel/parser/lib/index.js:6612:19)
      at JSXParserMixin.jsxReadToken (/Users/internaut/Desktop/PLP MOBILE APPLICATION (UPDATED)/node_modules/@babel/parser/lib/index.js:4463:20)
      at JSXParserMixin.getTokenFromCode (/Users/internaut/Desktop/PLP MOBILE APPLICATION (UPDATED)/node_modules/@babel/parser/lib/index.js:4789:12)
      at JSXParserMixin.nextToken (/Users/internaut/Desktop/PLP MOBILE APPLICATION (UPDATED)/node_modules/@babel/parser/lib/index.js:5795:10)
      at JSXParserMixin.next (/Users/internaut/Desktop/PLP MOBILE APPLICATION (UPDATED)/node_modules/@babel/parser/lib/index.js:5705:10)
      at JSXParserMixin.eat (/Users/internaut/Desktop/PLP MOBILE APPLICATION (UPDATED)/node_modules/@babel/parser/lib/index.js:5709:12)
      at JSXParserMixin.expect (/Users/internaut/Desktop/PLP MOBILE APPLICATION (UPDATED)/node_modules/@babel/parser/lib/index.js:6911:15)
      at JSXParserMixin.jsxParseClosingElementAt (/Users/internaut/Desktop/PLP MOBILE APPLICATION (UPDATED)/node_modules/@babel/parser/lib/index.js:4695:10)
      at JSXParserMixin.jsxParseElementAt (/Users/internaut/Desktop/PLP MOBILE APPLICATION (UPDATED)/node_modules/@babel/parser/lib/index.js:4710:37)
      at JSXParserMixin.jsxParseElementAt (/Users/internaut/Desktop/PLP MOBILE APPLICATION (UPDATED)/node_modules/@babel/parser/lib/index.js:4713:32)
      at JSXParserMixin.jsxParseElement (/Users/internaut/Desktop/PLP MOBILE APPLICATION (UPDATED)/node_modules/@babel/parser/lib/index.js:4764:17)
      at JSXParserMixin.parseExprAtom (/Users/internaut/Desktop/PLP MOBILE APPLICATION (UPDATED)/node_modules/@babel/parser/lib/index.js:4774:19)
      at JSXParserMixin.parseExprSubscripts (/Users/internaut/Desktop/PLP MOBILE APPLICATION (UPDATED)/node_modules/@babel/parser/lib/index.js:11026:23)
      at JSXParserMixin.parseUpdate (/Users/internaut/Desktop/PLP MOBILE APPLICATION (UPDATED)/node_modules/@babel/parser/lib/index.js:11011:21)
      at JSXParserMixin.parseMaybeUnary (/Users/internaut/Desktop/PLP MOBILE APPLICATION (UPDATED)/node_modules/@babel/parser/lib/index.js:10991:23)
      at JSXParserMixin.parseMaybeUnaryOrPrivate (/Users/internaut/Desktop/PLP MOBILE APPLICATION (UPDATED)/node_modules/@babel/parser/lib/index.js:10844:61)
      at JSXParserMixin.parseExprOps (/Users/internaut/Desktop/PLP MOBILE APPLICATION (UPDATED)/node_modules/@babel/parser/lib/index.js:10849:23)
      at JSXParserMixin.parseMaybeConditional (/Users/internaut/Desktop/PLP MOBILE APPLICATION (UPDATED)/node_modules/@babel/parser/lib/index.js:10826:23)
      at JSXParserMixin.parseMaybeAssign (/Users/internaut/Desktop/PLP MOBILE APPLICATION (UPDATED)/node_modules/@babel/parser/lib/index.js:10779:21)
      at /Users/internaut/Desktop/PLP MOBILE APPLICATION (UPDATED)/node_modules/@babel/parser/lib/index.js:10748:39
      at JSXParserMixin.allowInAnd (/Users/internaut/Desktop/PLP MOBILE APPLICATION (UPDATED)/node_modules/@babel/parser/lib/index.js:12375:12)
      at JSXParserMixin.parseMaybeAssignAllowIn (/Users/internaut/Desktop/PLP MOBILE APPLICATION (UPDATED)/node_modules/@babel/parser/lib/index.js:10748:17)
      at JSXParserMixin.parseParenAndDistinguishExpression (/Users/internaut/Desktop/PLP MOBILE APPLICATION (UPDATED)/node_modules/@babel/parser/lib/index.js:11622:28)
      at JSXParserMixin.parseExprAtom (/Users/internaut/Desktop/PLP MOBILE APPLICATION (UPDATED)/node_modules/@babel/parser/lib/index.js:11276:23)
      at JSXParserMixin.parseExprAtom (/Users/internaut/Desktop/PLP MOBILE APPLICATION (UPDATED)/node_modules/@babel/parser/lib/index.js:4779:20)
      at JSXParserMixin.parseExprSubscripts (/Users/internaut/Desktop/PLP MOBILE APPLICATION (UPDATED)/node_modules/@babel/parser/lib/index.js:11026:23)
      at JSXParserMixin.parseUpdate (/Users/internaut/Desktop/PLP MOBILE APPLICATION (UPDATED)/node_modules/@babel/parser/lib/index.js:11011:21)
      at JSXParserMixin.parseMaybeUnary (/Users/internaut/Desktop/PLP MOBILE APPLICATION (UPDATED)/node_modules/@babel/parser/lib/index.js:10991:23)
      at JSXParserMixin.parseMaybeUnaryOrPrivate (/Users/internaut/Desktop/PLP MOBILE APPLICATION (UPDATED)/node_modules/@babel/parser/lib/index.js:10844:61)
      at JSXParserMixin.parseExprOps (/Users/internaut/Desktop/PLP MOBILE APPLICATION (UPDATED)/node_modules/@babel/parser/lib/index.js:10849:23)
      at JSXParserMixin.parseMaybeConditional (/Users/internaut/Desktop/PLP MOBILE APPLICATION (UPDATED)/node_modules/@babel/parser/lib/index.js:10826:23)
      at JSXParserMixin.parseMaybeAssign (/Users/internaut/Desktop/PLP MOBILE APPLICATION (UPDATED)/node_modules/@babel/parser/lib/index.js:10779:21)
      at JSXParserMixin.parseExpressionBase (/Users/internaut/Desktop/PLP MOBILE APPLICATION (UPDATED)/node_modules/@babel/parser/lib/index.js:10732:23)
      at /Users/internaut/Desktop/PLP MOBILE APPLICATION (UPDATED)/node_modules/@babel/parser/lib/index.js:10728:39
      at JSXParserMixin.allowInAnd (/Users/internaut/Desktop/PLP MOBILE APPLICATION (UPDATED)/node_modules/@babel/parser/lib/index.js:12370:16)
      at JSXParserMixin.parseExpression (/Users/internaut/Desktop/PLP MOBILE APPLICATION (UPDATED)/node_modules/@babel/parser/lib/index.js:10728:17)
      at JSXParserMixin.parseReturnStatement (/Users/internaut/Desktop/PLP MOBILE APPLICATION (UPDATED)/node_modules/@babel/parser/lib/index.js:13075:28)
      at JSXParserMixin.parseStatementContent (/Users/internaut/Desktop/PLP MOBILE APPLICATION (UPDATED)/node_modules/@babel/parser/lib/index.js:12730:21)
      at JSXParserMixin.parseStatementLike (/Users/internaut/Desktop/PLP MOBILE APPLICATION (UPDATED)/node_modules/@babel/parser/lib/index.js:12699:17)
      at JSXParserMixin.parseStatementListItem (/Users/internaut/Desktop/PLP MOBILE APPLICATION (UPDATED)/node_modules/@babel/parser/lib/index.js:12679:17)
      at JSXParserMixin.parseBlockOrModuleBlockBody (/Users/internaut/Desktop/PLP MOBILE APPLICATION (UPDATED)/node_modules/@babel/parser/lib/index.js:13249:61)
      at JSXParserMixin.parseBlockBody (/Users/internaut/Desktop/PLP MOBILE APPLICATION (UPDATED)/node_modules/@babel/parser/lib/index.js:13242:10)
      at JSXParserMixin.parseBlock (/Users/internaut/Desktop/PLP MOBILE APPLICATION (UPDATED)/node_modules/@babel/parser/lib/index.js:13230:10)
      at JSXParserMixin.parseFunctionBody (/Users/internaut/Desktop/PLP MOBILE APPLICATION (UPDATED)/node_modules/@babel/parser/lib/index.js:12049:24)
      at JSXParserMixin.parseFunctionBodyAndFinish (/Users/internaut/Desktop/PLP MOBILE APPLICATION (UPDATED)/node_modules/@babel/parser/lib/index.js:12035:10)
      at /Users/internaut/Desktop/PLP MOBILE APPLICATION (UPDATED)/node_modules/@babel/parser/lib/index.js:13374:12
      at JSXParserMixin.withSmartMixTopicForbiddingContext (/Users/internaut/Desktop/PLP MOBILE APPLICATION (UPDATED)/node_modules/@babel/parser/lib/index.js:12352:14)
      at JSXParserMixin.parseFunction (/Users/internaut/Desktop/PLP MOBILE APPLICATION (UPDATED)/node_modules/@babel/parser/lib/index.js:13373:10)
      at JSXParserMixin.parseFunctionStatement (/Users/internaut/Desktop/PLP MOBILE APPLICATION (UPDATED)/node_modules/@babel/parser/lib/index.js:13058:17)
12:37:30 AM [vite] (client) hmr update /src/App.jsx
12:37:41 AM [vite] (client) hmr update /src/App.css
12:37:50 AM [vite] (client) hmr update /src/App.css
12:41:14 AM [vite] (client) hmr update /src/App.jsx
12:41:14 AM [vite] Internal server error: /Users/internaut/Desktop/PLP MOBILE APPLICATION (UPDATED)/src/App.jsx: Unexpected token (545:4)

  543 |   // Sign Up Screen
  544 |   if (currentView === 'signup') {
> 545 |     return (
      |     ^
  546 |       <div className="plp-app">
  547 |         <div className="status-bar">
  548 |           <span className="status-time">9:41</span>
  Plugin: vite:react-babel
  File: /Users/internaut/Desktop/PLP MOBILE APPLICATION (UPDATED)/src/App.jsx:545:4
  543|    // Sign Up Screen
  544|    if (currentView === 'signup') {
  545|      return (
     |      ^
  546|        <div className="plp-app">
  547|          <div className="status-bar">
      at constructor (/Users/internaut/Desktop/PLP MOBILE APPLICATION (UPDATED)/node_modules/@babel/parser/lib/index.js:363:19)
      at JSXParserMixin.raise (/Users/internaut/Desktop/PLP MOBILE APPLICATION (UPDATED)/node_modules/@babel/parser/lib/index.js:6612:19)
      at JSXParserMixin.unexpected (/Users/internaut/Desktop/PLP MOBILE APPLICATION (UPDATED)/node_modules/@babel/parser/lib/index.js:6632:16)
      at JSXParserMixin.parseExprAtom (/Users/internaut/Desktop/PLP MOBILE APPLICATION (UPDATED)/node_modules/@babel/parser/lib/index.js:11392:16)
      at JSXParserMixin.parseExprAtom (/Users/internaut/Desktop/PLP MOBILE APPLICATION (UPDATED)/node_modules/@babel/parser/lib/index.js:4779:20)
      at JSXParserMixin.parseExprSubscripts (/Users/internaut/Desktop/PLP MOBILE APPLICATION (UPDATED)/node_modules/@babel/parser/lib/index.js:11026:23)
      at JSXParserMixin.parseUpdate (/Users/internaut/Desktop/PLP MOBILE APPLICATION (UPDATED)/node_modules/@babel/parser/lib/index.js:11011:21)
      at JSXParserMixin.parseMaybeUnary (/Users/internaut/Desktop/PLP MOBILE APPLICATION (UPDATED)/node_modules/@babel/parser/lib/index.js:10991:23)
      at JSXParserMixin.parseMaybeUnaryOrPrivate (/Users/internaut/Desktop/PLP MOBILE APPLICATION (UPDATED)/node_modules/@babel/parser/lib/index.js:10844:61)
      at JSXParserMixin.parseExprOps (/Users/internaut/Desktop/PLP MOBILE APPLICATION (UPDATED)/node_modules/@babel/parser/lib/index.js:10849:23)
      at JSXParserMixin.parseMaybeConditional (/Users/internaut/Desktop/PLP MOBILE APPLICATION (UPDATED)/node_modules/@babel/parser/lib/index.js:10826:23)
      at JSXParserMixin.parseMaybeAssign (/Users/internaut/Desktop/PLP MOBILE APPLICATION (UPDATED)/node_modules/@babel/parser/lib/index.js:10779:21)
      at JSXParserMixin.parseExpressionBase (/Users/internaut/Desktop/PLP MOBILE APPLICATION (UPDATED)/node_modules/@babel/parser/lib/index.js:10732:23)
      at /Users/internaut/Desktop/PLP MOBILE APPLICATION (UPDATED)/node_modules/@babel/parser/lib/index.js:10728:39
      at JSXParserMixin.allowInAnd (/Users/internaut/Desktop/PLP MOBILE APPLICATION (UPDATED)/node_modules/@babel/parser/lib/index.js:12375:12)
      at JSXParserMixin.parseExpression (/Users/internaut/Desktop/PLP MOBILE APPLICATION (UPDATED)/node_modules/@babel/parser/lib/index.js:10728:17)
      at JSXParserMixin.jsxParseExpressionContainer (/Users/internaut/Desktop/PLP MOBILE APPLICATION (UPDATED)/node_modules/@babel/parser/lib/index.js:4647:31)
      at JSXParserMixin.jsxParseElementAt (/Users/internaut/Desktop/PLP MOBILE APPLICATION (UPDATED)/node_modules/@babel/parser/lib/index.js:4726:36)
      at JSXParserMixin.jsxParseElement (/Users/internaut/Desktop/PLP MOBILE APPLICATION (UPDATED)/node_modules/@babel/parser/lib/index.js:4764:17)
      at JSXParserMixin.parseExprAtom (/Users/internaut/Desktop/PLP MOBILE APPLICATION (UPDATED)/node_modules/@babel/parser/lib/index.js:4774:19)
      at JSXParserMixin.parseExprSubscripts (/Users/internaut/Desktop/PLP MOBILE APPLICATION (UPDATED)/node_modules/@babel/parser/lib/index.js:11026:23)
      at JSXParserMixin.parseUpdate (/Users/internaut/Desktop/PLP MOBILE APPLICATION (UPDATED)/node_modules/@babel/parser/lib/index.js:11011:21)
      at JSXParserMixin.parseMaybeUnary (/Users/internaut/Desktop/PLP MOBILE APPLICATION (UPDATED)/node_modules/@babel/parser/lib/index.js:10991:23)
      at JSXParserMixin.parseMaybeUnaryOrPrivate (/Users/internaut/Desktop/PLP MOBILE APPLICATION (UPDATED)/node_modules/@babel/parser/lib/index.js:10844:61)
      at JSXParserMixin.parseExprOps (/Users/internaut/Desktop/PLP MOBILE APPLICATION (UPDATED)/node_modules/@babel/parser/lib/index.js:10849:23)
      at JSXParserMixin.parseMaybeConditional (/Users/internaut/Desktop/PLP MOBILE APPLICATION (UPDATED)/node_modules/@babel/parser/lib/index.js:10826:23)
      at JSXParserMixin.parseMaybeAssign (/Users/internaut/Desktop/PLP MOBILE APPLICATION (UPDATED)/node_modules/@babel/parser/lib/index.js:10779:21)
      at /Users/internaut/Desktop/PLP MOBILE APPLICATION (UPDATED)/node_modules/@babel/parser/lib/index.js:10748:39
      at JSXParserMixin.allowInAnd (/Users/internaut/Desktop/PLP MOBILE APPLICATION (UPDATED)/node_modules/@babel/parser/lib/index.js:12375:12)
      at JSXParserMixin.parseMaybeAssignAllowIn (/Users/internaut/Desktop/PLP MOBILE APPLICATION (UPDATED)/node_modules/@babel/parser/lib/index.js:10748:17)
      at JSXParserMixin.parseParenAndDistinguishExpression (/Users/internaut/Desktop/PLP MOBILE APPLICATION (UPDATED)/node_modules/@babel/parser/lib/index.js:11622:28)
      at JSXParserMixin.parseExprAtom (/Users/internaut/Desktop/PLP MOBILE APPLICATION (UPDATED)/node_modules/@babel/parser/lib/index.js:11276:23)
      at JSXParserMixin.parseExprAtom (/Users/internaut/Desktop/PLP MOBILE APPLICATION (UPDATED)/node_modules/@babel/parser/lib/index.js:4779:20)
      at JSXParserMixin.parseExprSubscripts (/Users/internaut/Desktop/PLP MOBILE APPLICATION (UPDATED)/node_modules/@babel/parser/lib/index.js:11026:23)
      at JSXParserMixin.parseUpdate (/Users/internaut/Desktop/PLP MOBILE APPLICATION (UPDATED)/node_modules/@babel/parser/lib/index.js:11011:21)
      at JSXParserMixin.parseMaybeUnary (/Users/internaut/Desktop/PLP MOBILE APPLICATION (UPDATED)/node_modules/@babel/parser/lib/index.js:10991:23)
      at JSXParserMixin.parseMaybeUnaryOrPrivate (/Users/internaut/Desktop/PLP MOBILE APPLICATION (UPDATED)/node_modules/@babel/parser/lib/index.js:10844:61)
      at JSXParserMixin.parseExprOps (/Users/internaut/Desktop/PLP MOBILE APPLICATION (UPDATED)/node_modules/@babel/parser/lib/index.js:10849:23)
      at JSXParserMixin.parseMaybeConditional (/Users/internaut/Desktop/PLP MOBILE APPLICATION (UPDATED)/node_modules/@babel/parser/lib/index.js:10826:23)
      at JSXParserMixin.parseMaybeAssign (/Users/internaut/Desktop/PLP MOBILE APPLICATION (UPDATED)/node_modules/@babel/parser/lib/index.js:10779:21)
      at JSXParserMixin.parseExpressionBase (/Users/internaut/Desktop/PLP MOBILE APPLICATION (UPDATED)/node_modules/@babel/parser/lib/index.js:10732:23)
      at /Users/internaut/Desktop/PLP MOBILE APPLICATION (UPDATED)/node_modules/@babel/parser/lib/index.js:10728:39
      at JSXParserMixin.allowInAnd (/Users/internaut/Desktop/PLP MOBILE APPLICATION (UPDATED)/node_modules/@babel/parser/lib/index.js:12370:16)
      at JSXParserMixin.parseExpression (/Users/internaut/Desktop/PLP MOBILE APPLICATION (UPDATED)/node_modules/@babel/parser/lib/index.js:10728:17)
      at JSXParserMixin.parseReturnStatement (/Users/internaut/Desktop/PLP MOBILE APPLICATION (UPDATED)/node_modules/@babel/parser/lib/index.js:13075:28)
      at JSXParserMixin.parseStatementContent (/Users/internaut/Desktop/PLP MOBILE APPLICATION (UPDATED)/node_modules/@babel/parser/lib/index.js:12730:21)
      at JSXParserMixin.parseStatementLike (/Users/internaut/Desktop/PLP MOBILE APPLICATION (UPDATED)/node_modules/@babel/parser/lib/index.js:12699:17)
      at JSXParserMixin.parseStatementListItem (/Users/internaut/Desktop/PLP MOBILE APPLICATION (UPDATED)/node_modules/@babel/parser/lib/index.js:12679:17)
      at JSXParserMixin.parseBlockOrModuleBlockBody (/Users/internaut/Desktop/PLP MOBILE APPLICATION (UPDATED)/node_modules/@babel/parser/lib/index.js:13249:61)
      at JSXParserMixin.parseBlockBody (/Users/internaut/Desktop/PLP MOBILE APPLICATION (UPDATED)/node_modules/@babel/parser/lib/index.js:13242:10)
12:41:23 AM [vite] (client) hmr update /src/App.jsx
12:41:29 AM [vite] (client) hmr update /src/App.jsx
12:41:29 AM [vite] Internal server error: /Users/internaut/Desktop/PLP MOBILE APPLICATION (UPDATED)/src/App.jsx: Unexpected token (660:4)

  658 |   // Login Screen
  659 |   if (currentView === 'login') {
> 660 |     return (
      |     ^
  661 |       <div className="plp-app">
  662 |         <div className="status-bar">
  663 |           <span className="status-time">9:41</span>
  Plugin: vite:react-babel
  File: /Users/internaut/Desktop/PLP MOBILE APPLICATION (UPDATED)/src/App.jsx:660:4
  658|    // Login Screen
  659|    if (currentView === 'login') {
  660|      return (
     |      ^
  661|        <div className="plp-app">
  662|          <div className="status-bar">
      at constructor (/Users/internaut/Desktop/PLP MOBILE APPLICATION (UPDATED)/node_modules/@babel/parser/lib/index.js:363:19)
      at JSXParserMixin.raise (/Users/internaut/Desktop/PLP MOBILE APPLICATION (UPDATED)/node_modules/@babel/parser/lib/index.js:6612:19)
      at JSXParserMixin.unexpected (/Users/internaut/Desktop/PLP MOBILE APPLICATION (UPDATED)/node_modules/@babel/parser/lib/index.js:6632:16)
      at JSXParserMixin.parseExprAtom (/Users/internaut/Desktop/PLP MOBILE APPLICATION (UPDATED)/node_modules/@babel/parser/lib/index.js:11392:16)
      at JSXParserMixin.parseExprAtom (/Users/internaut/Desktop/PLP MOBILE APPLICATION (UPDATED)/node_modules/@babel/parser/lib/index.js:4779:20)
      at JSXParserMixin.parseExprSubscripts (/Users/internaut/Desktop/PLP MOBILE APPLICATION (UPDATED)/node_modules/@babel/parser/lib/index.js:11026:23)
      at JSXParserMixin.parseUpdate (/Users/internaut/Desktop/PLP MOBILE APPLICATION (UPDATED)/node_modules/@babel/parser/lib/index.js:11011:21)
      at JSXParserMixin.parseMaybeUnary (/Users/internaut/Desktop/PLP MOBILE APPLICATION (UPDATED)/node_modules/@babel/parser/lib/index.js:10991:23)
      at JSXParserMixin.parseMaybeUnaryOrPrivate (/Users/internaut/Desktop/PLP MOBILE APPLICATION (UPDATED)/node_modules/@babel/parser/lib/index.js:10844:61)
      at JSXParserMixin.parseExprOps (/Users/internaut/Desktop/PLP MOBILE APPLICATION (UPDATED)/node_modules/@babel/parser/lib/index.js:10849:23)
      at JSXParserMixin.parseMaybeConditional (/Users/internaut/Desktop/PLP MOBILE APPLICATION (UPDATED)/node_modules/@babel/parser/lib/index.js:10826:23)
      at JSXParserMixin.parseMaybeAssign (/Users/internaut/Desktop/PLP MOBILE APPLICATION (UPDATED)/node_modules/@babel/parser/lib/index.js:10779:21)
      at JSXParserMixin.parseExpressionBase (/Users/internaut/Desktop/PLP MOBILE APPLICATION (UPDATED)/node_modules/@babel/parser/lib/index.js:10732:23)
      at /Users/internaut/Desktop/PLP MOBILE APPLICATION (UPDATED)/node_modules/@babel/parser/lib/index.js:10728:39
      at JSXParserMixin.allowInAnd (/Users/internaut/Desktop/PLP MOBILE APPLICATION (UPDATED)/node_modules/@babel/parser/lib/index.js:12375:12)
      at JSXParserMixin.parseExpression (/Users/internaut/Desktop/PLP MOBILE APPLICATION (UPDATED)/node_modules/@babel/parser/lib/index.js:10728:17)
      at JSXParserMixin.jsxParseExpressionContainer (/Users/internaut/Desktop/PLP MOBILE APPLICATION (UPDATED)/node_modules/@babel/parser/lib/index.js:4647:31)
      at JSXParserMixin.jsxParseElementAt (/Users/internaut/Desktop/PLP MOBILE APPLICATION (UPDATED)/node_modules/@babel/parser/lib/index.js:4726:36)
      at JSXParserMixin.jsxParseElement (/Users/internaut/Desktop/PLP MOBILE APPLICATION (UPDATED)/node_modules/@babel/parser/lib/index.js:4764:17)
      at JSXParserMixin.parseExprAtom (/Users/internaut/Desktop/PLP MOBILE APPLICATION (UPDATED)/node_modules/@babel/parser/lib/index.js:4774:19)
      at JSXParserMixin.parseExprSubscripts (/Users/internaut/Desktop/PLP MOBILE APPLICATION (UPDATED)/node_modules/@babel/parser/lib/index.js:11026:23)
      at JSXParserMixin.parseUpdate (/Users/internaut/Desktop/PLP MOBILE APPLICATION (UPDATED)/node_modules/@babel/parser/lib/index.js:11011:21)
      at JSXParserMixin.parseMaybeUnary (/Users/internaut/Desktop/PLP MOBILE APPLICATION (UPDATED)/node_modules/@babel/parser/lib/index.js:10991:23)
      at JSXParserMixin.parseMaybeUnaryOrPrivate (/Users/internaut/Desktop/PLP MOBILE APPLICATION (UPDATED)/node_modules/@babel/parser/lib/index.js:10844:61)
      at JSXParserMixin.parseExprOps (/Users/internaut/Desktop/PLP MOBILE APPLICATION (UPDATED)/node_modules/@babel/parser/lib/index.js:10849:23)
      at JSXParserMixin.parseMaybeConditional (/Users/internaut/Desktop/PLP MOBILE APPLICATION (UPDATED)/node_modules/@babel/parser/lib/index.js:10826:23)
      at JSXParserMixin.parseMaybeAssign (/Users/internaut/Desktop/PLP MOBILE APPLICATION (UPDATED)/node_modules/@babel/parser/lib/index.js:10779:21)
      at /Users/internaut/Desktop/PLP MOBILE APPLICATION (UPDATED)/node_modules/@babel/parser/lib/index.js:10748:39
      at JSXParserMixin.allowInAnd (/Users/internaut/Desktop/PLP MOBILE APPLICATION (UPDATED)/node_modules/@babel/parser/lib/index.js:12375:12)
      at JSXParserMixin.parseMaybeAssignAllowIn (/Users/internaut/Desktop/PLP MOBILE APPLICATION (UPDATED)/node_modules/@babel/parser/lib/index.js:10748:17)
      at JSXParserMixin.parseParenAndDistinguishExpression (/Users/internaut/Desktop/PLP MOBILE APPLICATION (UPDATED)/node_modules/@babel/parser/lib/index.js:11622:28)
      at JSXParserMixin.parseExprAtom (/Users/internaut/Desktop/PLP MOBILE APPLICATION (UPDATED)/node_modules/@babel/parser/lib/index.js:11276:23)
      at JSXParserMixin.parseExprAtom (/Users/internaut/Desktop/PLP MOBILE APPLICATION (UPDATED)/node_modules/@babel/parser/lib/index.js:4779:20)
      at JSXParserMixin.parseExprSubscripts (/Users/internaut/Desktop/PLP MOBILE APPLICATION (UPDATED)/node_modules/@babel/parser/lib/index.js:11026:23)
      at JSXParserMixin.parseUpdate (/Users/internaut/Desktop/PLP MOBILE APPLICATION (UPDATED)/node_modules/@babel/parser/lib/index.js:11011:21)
      at JSXParserMixin.parseMaybeUnary (/Users/internaut/Desktop/PLP MOBILE APPLICATION (UPDATED)/node_modules/@babel/parser/lib/index.js:10991:23)
      at JSXParserMixin.parseMaybeUnaryOrPrivate (/Users/internaut/Desktop/PLP MOBILE APPLICATION (UPDATED)/node_modules/@babel/parser/lib/index.js:10844:61)
      at JSXParserMixin.parseExprOps (/Users/internaut/Desktop/PLP MOBILE APPLICATION (UPDATED)/node_modules/@babel/parser/lib/index.js:10849:23)
      at JSXParserMixin.parseMaybeConditional (/Users/internaut/Desktop/PLP MOBILE APPLICATION (UPDATED)/node_modules/@babel/parser/lib/index.js:10826:23)
      at JSXParserMixin.parseMaybeAssign (/Users/internaut/Desktop/PLP MOBILE APPLICATION (UPDATED)/node_modules/@babel/parser/lib/index.js:10779:21)
      at JSXParserMixin.parseExpressionBase (/Users/internaut/Desktop/PLP MOBILE APPLICATION (UPDATED)/node_modules/@babel/parser/lib/index.js:10732:23)
      at /Users/internaut/Desktop/PLP MOBILE APPLICATION (UPDATED)/node_modules/@babel/parser/lib/index.js:10728:39
      at JSXParserMixin.allowInAnd (/Users/internaut/Desktop/PLP MOBILE APPLICATION (UPDATED)/node_modules/@babel/parser/lib/index.js:12370:16)
      at JSXParserMixin.parseExpression (/Users/internaut/Desktop/PLP MOBILE APPLICATION (UPDATED)/node_modules/@babel/parser/lib/index.js:10728:17)
      at JSXParserMixin.parseReturnStatement (/Users/internaut/Desktop/PLP MOBILE APPLICATION (UPDATED)/node_modules/@babel/parser/lib/index.js:13075:28)
      at JSXParserMixin.parseStatementContent (/Users/internaut/Desktop/PLP MOBILE APPLICATION (UPDATED)/node_modules/@babel/parser/lib/index.js:12730:21)
      at JSXParserMixin.parseStatementLike (/Users/internaut/Desktop/PLP MOBILE APPLICATION (UPDATED)/node_modules/@babel/parser/lib/index.js:12699:17)
      at JSXParserMixin.parseStatementListItem (/Users/internaut/Desktop/PLP MOBILE APPLICATION (UPDATED)/node_modules/@babel/parser/lib/index.js:12679:17)
      at JSXParserMixin.parseBlockOrModuleBlockBody (/Users/internaut/Desktop/PLP MOBILE APPLICATION (UPDATED)/node_modules/@babel/parser/lib/index.js:13249:61)
      at JSXParserMixin.parseBlockBody (/Users/internaut/Desktop/PLP MOBILE APPLICATION (UPDATED)/node_modules/@babel/parser/lib/index.js:13242:10)
12:41:44 AM [vite] (client) hmr update /src/App.jsx
12:41:48 AM [vite] (client) hmr update /src/App.jsx
12:41:48 AM [vite] Internal server error: /Users/internaut/Desktop/PLP MOBILE APPLICATION (UPDATED)/src/App.jsx: Unterminated JSX contents. (1119:10)

  1117 |       )}
  1118 |       </div>
> 1119 |     </div>
       |           ^
  1120 |   )
  1121 | }
  1122 |
  Plugin: vite:react-babel
  File: /Users/internaut/Desktop/PLP MOBILE APPLICATION (UPDATED)/src/App.jsx:1119:10
  1117|        )}
  1118|        </div>
  1119|      </div>
     |            ^
  1120|    )
  1121|  }
      at constructor (/Users/internaut/Desktop/PLP MOBILE APPLICATION (UPDATED)/node_modules/@babel/parser/lib/index.js:363:19)
      at JSXParserMixin.raise (/Users/internaut/Desktop/PLP MOBILE APPLICATION (UPDATED)/node_modules/@babel/parser/lib/index.js:6612:19)
      at JSXParserMixin.jsxReadToken (/Users/internaut/Desktop/PLP MOBILE APPLICATION (UPDATED)/node_modules/@babel/parser/lib/index.js:4463:20)
      at JSXParserMixin.getTokenFromCode (/Users/internaut/Desktop/PLP MOBILE APPLICATION (UPDATED)/node_modules/@babel/parser/lib/index.js:4789:12)
      at JSXParserMixin.nextToken (/Users/internaut/Desktop/PLP MOBILE APPLICATION (UPDATED)/node_modules/@babel/parser/lib/index.js:5795:10)
      at JSXParserMixin.next (/Users/internaut/Desktop/PLP MOBILE APPLICATION (UPDATED)/node_modules/@babel/parser/lib/index.js:5705:10)
      at JSXParserMixin.eat (/Users/internaut/Desktop/PLP MOBILE APPLICATION (UPDATED)/node_modules/@babel/parser/lib/index.js:5709:12)
      at JSXParserMixin.expect (/Users/internaut/Desktop/PLP MOBILE APPLICATION (UPDATED)/node_modules/@babel/parser/lib/index.js:6911:15)
      at JSXParserMixin.jsxParseClosingElementAt (/Users/internaut/Desktop/PLP MOBILE APPLICATION (UPDATED)/node_modules/@babel/parser/lib/index.js:4695:10)
      at JSXParserMixin.jsxParseElementAt (/Users/internaut/Desktop/PLP MOBILE APPLICATION (UPDATED)/node_modules/@babel/parser/lib/index.js:4710:37)
      at JSXParserMixin.jsxParseElementAt (/Users/internaut/Desktop/PLP MOBILE APPLICATION (UPDATED)/node_modules/@babel/parser/lib/index.js:4713:32)
      at JSXParserMixin.jsxParseElement (/Users/internaut/Desktop/PLP MOBILE APPLICATION (UPDATED)/node_modules/@babel/parser/lib/index.js:4764:17)
      at JSXParserMixin.parseExprAtom (/Users/internaut/Desktop/PLP MOBILE APPLICATION (UPDATED)/node_modules/@babel/parser/lib/index.js:4774:19)
      at JSXParserMixin.parseExprSubscripts (/Users/internaut/Desktop/PLP MOBILE APPLICATION (UPDATED)/node_modules/@babel/parser/lib/index.js:11026:23)
      at JSXParserMixin.parseUpdate (/Users/internaut/Desktop/PLP MOBILE APPLICATION (UPDATED)/node_modules/@babel/parser/lib/index.js:11011:21)
      at JSXParserMixin.parseMaybeUnary (/Users/internaut/Desktop/PLP MOBILE APPLICATION (UPDATED)/node_modules/@babel/parser/lib/index.js:10991:23)
      at JSXParserMixin.parseMaybeUnaryOrPrivate (/Users/internaut/Desktop/PLP MOBILE APPLICATION (UPDATED)/node_modules/@babel/parser/lib/index.js:10844:61)
      at JSXParserMixin.parseExprOps (/Users/internaut/Desktop/PLP MOBILE APPLICATION (UPDATED)/node_modules/@babel/parser/lib/index.js:10849:23)
      at JSXParserMixin.parseMaybeConditional (/Users/internaut/Desktop/PLP MOBILE APPLICATION (UPDATED)/node_modules/@babel/parser/lib/index.js:10826:23)
      at JSXParserMixin.parseMaybeAssign (/Users/internaut/Desktop/PLP MOBILE APPLICATION (UPDATED)/node_modules/@babel/parser/lib/index.js:10779:21)
      at /Users/internaut/Desktop/PLP MOBILE APPLICATION (UPDATED)/node_modules/@babel/parser/lib/index.js:10748:39
      at JSXParserMixin.allowInAnd (/Users/internaut/Desktop/PLP MOBILE APPLICATION (UPDATED)/node_modules/@babel/parser/lib/index.js:12375:12)
      at JSXParserMixin.parseMaybeAssignAllowIn (/Users/internaut/Desktop/PLP MOBILE APPLICATION (UPDATED)/node_modules/@babel/parser/lib/index.js:10748:17)
      at JSXParserMixin.parseParenAndDistinguishExpression (/Users/internaut/Desktop/PLP MOBILE APPLICATION (UPDATED)/node_modules/@babel/parser/lib/index.js:11622:28)
      at JSXParserMixin.parseExprAtom (/Users/internaut/Desktop/PLP MOBILE APPLICATION (UPDATED)/node_modules/@babel/parser/lib/index.js:11276:23)
      at JSXParserMixin.parseExprAtom (/Users/internaut/Desktop/PLP MOBILE APPLICATION (UPDATED)/node_modules/@babel/parser/lib/index.js:4779:20)
      at JSXParserMixin.parseExprSubscripts (/Users/internaut/Desktop/PLP MOBILE APPLICATION (UPDATED)/node_modules/@babel/parser/lib/index.js:11026:23)
      at JSXParserMixin.parseUpdate (/Users/internaut/Desktop/PLP MOBILE APPLICATION (UPDATED)/node_modules/@babel/parser/lib/index.js:11011:21)
      at JSXParserMixin.parseMaybeUnary (/Users/internaut/Desktop/PLP MOBILE APPLICATION (UPDATED)/node_modules/@babel/parser/lib/index.js:10991:23)
      at JSXParserMixin.parseMaybeUnaryOrPrivate (/Users/internaut/Desktop/PLP MOBILE APPLICATION (UPDATED)/node_modules/@babel/parser/lib/index.js:10844:61)
      at JSXParserMixin.parseExprOps (/Users/internaut/Desktop/PLP MOBILE APPLICATION (UPDATED)/node_modules/@babel/parser/lib/index.js:10849:23)
      at JSXParserMixin.parseMaybeConditional (/Users/internaut/Desktop/PLP MOBILE APPLICATION (UPDATED)/node_modules/@babel/parser/lib/index.js:10826:23)
      at JSXParserMixin.parseMaybeAssign (/Users/internaut/Desktop/PLP MOBILE APPLICATION (UPDATED)/node_modules/@babel/parser/lib/index.js:10779:21)
      at JSXParserMixin.parseExpressionBase (/Users/internaut/Desktop/PLP MOBILE APPLICATION (UPDATED)/node_modules/@babel/parser/lib/index.js:10732:23)
      at /Users/internaut/Desktop/PLP MOBILE APPLICATION (UPDATED)/node_modules/@babel/parser/lib/index.js:10728:39
      at JSXParserMixin.allowInAnd (/Users/internaut/Desktop/PLP MOBILE APPLICATION (UPDATED)/node_modules/@babel/parser/lib/index.js:12370:16)
      at JSXParserMixin.parseExpression (/Users/internaut/Desktop/PLP MOBILE APPLICATION (UPDATED)/node_modules/@babel/parser/lib/index.js:10728:17)
      at JSXParserMixin.parseReturnStatement (/Users/internaut/Desktop/PLP MOBILE APPLICATION (UPDATED)/node_modules/@babel/parser/lib/index.js:13075:28)
      at JSXParserMixin.parseStatementContent (/Users/internaut/Desktop/PLP MOBILE APPLICATION (UPDATED)/node_modules/@babel/parser/lib/index.js:12730:21)
      at JSXParserMixin.parseStatementLike (/Users/internaut/Desktop/PLP MOBILE APPLICATION (UPDATED)/node_modules/@babel/parser/lib/index.js:12699:17)
      at JSXParserMixin.parseStatementListItem (/Users/internaut/Desktop/PLP MOBILE APPLICATION (UPDATED)/node_modules/@babel/parser/lib/index.js:12679:17)
      at JSXParserMixin.parseBlockOrModuleBlockBody (/Users/internaut/Desktop/PLP MOBILE APPLICATION (UPDATED)/node_modules/@babel/parser/lib/index.js:13249:61)
      at JSXParserMixin.parseBlockBody (/Users/internaut/Desktop/PLP MOBILE APPLICATION (UPDATED)/node_modules/@babel/parser/lib/index.js:13242:10)
      at JSXParserMixin.parseBlock (/Users/internaut/Desktop/PLP MOBILE APPLICATION (UPDATED)/node_modules/@babel/parser/lib/index.js:13230:10)
      at JSXParserMixin.parseStatementContent (/Users/internaut/Desktop/PLP MOBILE APPLICATION (UPDATED)/node_modules/@babel/parser/lib/index.js:12791:21)
      at JSXParserMixin.parseStatementLike (/Users/internaut/Desktop/PLP MOBILE APPLICATION (UPDATED)/node_modules/@babel/parser/lib/index.js:12699:17)
      at JSXParserMixin.parseStatementOrSloppyAnnexBFunctionDeclaration (/Users/internaut/Desktop/PLP MOBILE APPLICATION (UPDATED)/node_modules/@babel/parser/lib/index.js:12689:17)
      at JSXParserMixin.parseIfStatement (/Users/internaut/Desktop/PLP MOBILE APPLICATION (UPDATED)/node_modules/@babel/parser/lib/index.js:13063:28)
      at JSXParserMixin.parseStatementContent (/Users/internaut/Desktop/PLP MOBILE APPLICATION (UPDATED)/node_modules/@babel/parser/lib/index.js:12728:21)
      at JSXParserMixin.parseStatementLike (/Users/internaut/Desktop/PLP MOBILE APPLICATION (UPDATED)/node_modules/@babel/parser/lib/index.js:12699:17)
12:41:58 AM [vite] (client) hmr update /src/App.jsx
12:42:08 AM [vite] (client) hmr update /src/App.jsx
12:42:08 AM [vite] Internal server error: /Users/internaut/Desktop/PLP MOBILE APPLICATION (UPDATED)/src/App.jsx: Unexpected token (547:4)

  545 |   // Sign Up Screen
  546 |   if (currentView === 'signup') {
> 547 |     return (
      |     ^
  548 |       <div className="iphone-mockup">
  549 |         <div className="plp-app">
  550 |         <div className="status-bar">
  Plugin: vite:react-babel
  File: /Users/internaut/Desktop/PLP MOBILE APPLICATION (UPDATED)/src/App.jsx:547:4
  545|    // Sign Up Screen
  546|    if (currentView === 'signup') {
  547|      return (
     |      ^
  548|        <div className="iphone-mockup">
  549|          <div className="plp-app">
      at constructor (/Users/internaut/Desktop/PLP MOBILE APPLICATION (UPDATED)/node_modules/@babel/parser/lib/index.js:363:19)
      at JSXParserMixin.raise (/Users/internaut/Desktop/PLP MOBILE APPLICATION (UPDATED)/node_modules/@babel/parser/lib/index.js:6612:19)
      at JSXParserMixin.unexpected (/Users/internaut/Desktop/PLP MOBILE APPLICATION (UPDATED)/node_modules/@babel/parser/lib/index.js:6632:16)
      at JSXParserMixin.parseExprAtom (/Users/internaut/Desktop/PLP MOBILE APPLICATION (UPDATED)/node_modules/@babel/parser/lib/index.js:11392:16)
      at JSXParserMixin.parseExprAtom (/Users/internaut/Desktop/PLP MOBILE APPLICATION (UPDATED)/node_modules/@babel/parser/lib/index.js:4779:20)
      at JSXParserMixin.parseExprSubscripts (/Users/internaut/Desktop/PLP MOBILE APPLICATION (UPDATED)/node_modules/@babel/parser/lib/index.js:11026:23)
      at JSXParserMixin.parseUpdate (/Users/internaut/Desktop/PLP MOBILE APPLICATION (UPDATED)/node_modules/@babel/parser/lib/index.js:11011:21)
      at JSXParserMixin.parseMaybeUnary (/Users/internaut/Desktop/PLP MOBILE APPLICATION (UPDATED)/node_modules/@babel/parser/lib/index.js:10991:23)
      at JSXParserMixin.parseMaybeUnaryOrPrivate (/Users/internaut/Desktop/PLP MOBILE APPLICATION (UPDATED)/node_modules/@babel/parser/lib/index.js:10844:61)
      at JSXParserMixin.parseExprOps (/Users/internaut/Desktop/PLP MOBILE APPLICATION (UPDATED)/node_modules/@babel/parser/lib/index.js:10849:23)
      at JSXParserMixin.parseMaybeConditional (/Users/internaut/Desktop/PLP MOBILE APPLICATION (UPDATED)/node_modules/@babel/parser/lib/index.js:10826:23)
      at JSXParserMixin.parseMaybeAssign (/Users/internaut/Desktop/PLP MOBILE APPLICATION (UPDATED)/node_modules/@babel/parser/lib/index.js:10779:21)
      at JSXParserMixin.parseExpressionBase (/Users/internaut/Desktop/PLP MOBILE APPLICATION (UPDATED)/node_modules/@babel/parser/lib/index.js:10732:23)
      at /Users/internaut/Desktop/PLP MOBILE APPLICATION (UPDATED)/node_modules/@babel/parser/lib/index.js:10728:39
      at JSXParserMixin.allowInAnd (/Users/internaut/Desktop/PLP MOBILE APPLICATION (UPDATED)/node_modules/@babel/parser/lib/index.js:12375:12)
      at JSXParserMixin.parseExpression (/Users/internaut/Desktop/PLP MOBILE APPLICATION (UPDATED)/node_modules/@babel/parser/lib/index.js:10728:17)
      at JSXParserMixin.jsxParseExpressionContainer (/Users/internaut/Desktop/PLP MOBILE APPLICATION (UPDATED)/node_modules/@babel/parser/lib/index.js:4647:31)
      at JSXParserMixin.jsxParseElementAt (/Users/internaut/Desktop/PLP MOBILE APPLICATION (UPDATED)/node_modules/@babel/parser/lib/index.js:4726:36)
      at JSXParserMixin.jsxParseElement (/Users/internaut/Desktop/PLP MOBILE APPLICATION (UPDATED)/node_modules/@babel/parser/lib/index.js:4764:17)
      at JSXParserMixin.parseExprAtom (/Users/internaut/Desktop/PLP MOBILE APPLICATION (UPDATED)/node_modules/@babel/parser/lib/index.js:4774:19)
      at JSXParserMixin.parseExprSubscripts (/Users/internaut/Desktop/PLP MOBILE APPLICATION (UPDATED)/node_modules/@babel/parser/lib/index.js:11026:23)
      at JSXParserMixin.parseUpdate (/Users/internaut/Desktop/PLP MOBILE APPLICATION (UPDATED)/node_modules/@babel/parser/lib/index.js:11011:21)
      at JSXParserMixin.parseMaybeUnary (/Users/internaut/Desktop/PLP MOBILE APPLICATION (UPDATED)/node_modules/@babel/parser/lib/index.js:10991:23)
      at JSXParserMixin.parseMaybeUnaryOrPrivate (/Users/internaut/Desktop/PLP MOBILE APPLICATION (UPDATED)/node_modules/@babel/parser/lib/index.js:10844:61)
      at JSXParserMixin.parseExprOps (/Users/internaut/Desktop/PLP MOBILE APPLICATION (UPDATED)/node_modules/@babel/parser/lib/index.js:10849:23)
      at JSXParserMixin.parseMaybeConditional (/Users/internaut/Desktop/PLP MOBILE APPLICATION (UPDATED)/node_modules/@babel/parser/lib/index.js:10826:23)
      at JSXParserMixin.parseMaybeAssign (/Users/internaut/Desktop/PLP MOBILE APPLICATION (UPDATED)/node_modules/@babel/parser/lib/index.js:10779:21)
      at /Users/internaut/Desktop/PLP MOBILE APPLICATION (UPDATED)/node_modules/@babel/parser/lib/index.js:10748:39
      at JSXParserMixin.allowInAnd (/Users/internaut/Desktop/PLP MOBILE APPLICATION (UPDATED)/node_modules/@babel/parser/lib/index.js:12375:12)
      at JSXParserMixin.parseMaybeAssignAllowIn (/Users/internaut/Desktop/PLP MOBILE APPLICATION (UPDATED)/node_modules/@babel/parser/lib/index.js:10748:17)
      at JSXParserMixin.parseParenAndDistinguishExpression (/Users/internaut/Desktop/PLP MOBILE APPLICATION (UPDATED)/node_modules/@babel/parser/lib/index.js:11622:28)
      at JSXParserMixin.parseExprAtom (/Users/internaut/Desktop/PLP MOBILE APPLICATION (UPDATED)/node_modules/@babel/parser/lib/index.js:11276:23)
      at JSXParserMixin.parseExprAtom (/Users/internaut/Desktop/PLP MOBILE APPLICATION (UPDATED)/node_modules/@babel/parser/lib/index.js:4779:20)
      at JSXParserMixin.parseExprSubscripts (/Users/internaut/Desktop/PLP MOBILE APPLICATION (UPDATED)/node_modules/@babel/parser/lib/index.js:11026:23)
      at JSXParserMixin.parseUpdate (/Users/internaut/Desktop/PLP MOBILE APPLICATION (UPDATED)/node_modules/@babel/parser/lib/index.js:11011:21)
      at JSXParserMixin.parseMaybeUnary (/Users/internaut/Desktop/PLP MOBILE APPLICATION (UPDATED)/node_modules/@babel/parser/lib/index.js:10991:23)
      at JSXParserMixin.parseMaybeUnaryOrPrivate (/Users/internaut/Desktop/PLP MOBILE APPLICATION (UPDATED)/node_modules/@babel/parser/lib/index.js:10844:61)
      at JSXParserMixin.parseExprOps (/Users/internaut/Desktop/PLP MOBILE APPLICATION (UPDATED)/node_modules/@babel/parser/lib/index.js:10849:23)
      at JSXParserMixin.parseMaybeConditional (/Users/internaut/Desktop/PLP MOBILE APPLICATION (UPDATED)/node_modules/@babel/parser/lib/index.js:10826:23)
      at JSXParserMixin.parseMaybeAssign (/Users/internaut/Desktop/PLP MOBILE APPLICATION (UPDATED)/node_modules/@babel/parser/lib/index.js:10779:21)
      at JSXParserMixin.parseExpressionBase (/Users/internaut/Desktop/PLP MOBILE APPLICATION (UPDATED)/node_modules/@babel/parser/lib/index.js:10732:23)
      at /Users/internaut/Desktop/PLP MOBILE APPLICATION (UPDATED)/node_modules/@babel/parser/lib/index.js:10728:39
      at JSXParserMixin.allowInAnd (/Users/internaut/Desktop/PLP MOBILE APPLICATION (UPDATED)/node_modules/@babel/parser/lib/index.js:12370:16)
      at JSXParserMixin.parseExpression (/Users/internaut/Desktop/PLP MOBILE APPLICATION (UPDATED)/node_modules/@babel/parser/lib/index.js:10728:17)
      at JSXParserMixin.parseReturnStatement (/Users/internaut/Desktop/PLP MOBILE APPLICATION (UPDATED)/node_modules/@babel/parser/lib/index.js:13075:28)
      at JSXParserMixin.parseStatementContent (/Users/internaut/Desktop/PLP MOBILE APPLICATION (UPDATED)/node_modules/@babel/parser/lib/index.js:12730:21)
      at JSXParserMixin.parseStatementLike (/Users/internaut/Desktop/PLP MOBILE APPLICATION (UPDATED)/node_modules/@babel/parser/lib/index.js:12699:17)
      at JSXParserMixin.parseStatementListItem (/Users/internaut/Desktop/PLP MOBILE APPLICATION (UPDATED)/node_modules/@babel/parser/lib/index.js:12679:17)
      at JSXParserMixin.parseBlockOrModuleBlockBody (/Users/internaut/Desktop/PLP MOBILE APPLICATION (UPDATED)/node_modules/@babel/parser/lib/index.js:13249:61)
      at JSXParserMixin.parseBlockBody (/Users/internaut/Desktop/PLP MOBILE APPLICATION (UPDATED)/node_modules/@babel/parser/lib/index.js:13242:10)
12:42:13 AM [vite] (client) hmr update /src/App.jsx
12:42:34 AM [vite] (client) hmr update /src/App.jsx
12:42:34 AM [vite] Internal server error: /Users/internaut/Desktop/PLP MOBILE APPLICATION (UPDATED)/src/App.jsx: Unexpected token (664:4)

  662 |   // Login Screen
  663 |   if (currentView === 'login') {
> 664 |     return (
      |     ^
  665 |       <div className="iphone-mockup">
  666 |         <div className="plp-app">
  667 |         <div className="status-bar">
  Plugin: vite:react-babel
  File: /Users/internaut/Desktop/PLP MOBILE APPLICATION (UPDATED)/src/App.jsx:664:4
  662|    // Login Screen
  663|    if (currentView === 'login') {
  664|      return (
     |      ^
  665|        <div className="iphone-mockup">
  666|          <div className="plp-app">
      at constructor (/Users/internaut/Desktop/PLP MOBILE APPLICATION (UPDATED)/node_modules/@babel/parser/lib/index.js:363:19)
      at JSXParserMixin.raise (/Users/internaut/Desktop/PLP MOBILE APPLICATION (UPDATED)/node_modules/@babel/parser/lib/index.js:6612:19)
      at JSXParserMixin.unexpected (/Users/internaut/Desktop/PLP MOBILE APPLICATION (UPDATED)/node_modules/@babel/parser/lib/index.js:6632:16)
      at JSXParserMixin.parseExprAtom (/Users/internaut/Desktop/PLP MOBILE APPLICATION (UPDATED)/node_modules/@babel/parser/lib/index.js:11392:16)
      at JSXParserMixin.parseExprAtom (/Users/internaut/Desktop/PLP MOBILE APPLICATION (UPDATED)/node_modules/@babel/parser/lib/index.js:4779:20)
      at JSXParserMixin.parseExprSubscripts (/Users/internaut/Desktop/PLP MOBILE APPLICATION (UPDATED)/node_modules/@babel/parser/lib/index.js:11026:23)
      at JSXParserMixin.parseUpdate (/Users/internaut/Desktop/PLP MOBILE APPLICATION (UPDATED)/node_modules/@babel/parser/lib/index.js:11011:21)
      at JSXParserMixin.parseMaybeUnary (/Users/internaut/Desktop/PLP MOBILE APPLICATION (UPDATED)/node_modules/@babel/parser/lib/index.js:10991:23)
      at JSXParserMixin.parseMaybeUnaryOrPrivate (/Users/internaut/Desktop/PLP MOBILE APPLICATION (UPDATED)/node_modules/@babel/parser/lib/index.js:10844:61)
      at JSXParserMixin.parseExprOps (/Users/internaut/Desktop/PLP MOBILE APPLICATION (UPDATED)/node_modules/@babel/parser/lib/index.js:10849:23)
      at JSXParserMixin.parseMaybeConditional (/Users/internaut/Desktop/PLP MOBILE APPLICATION (UPDATED)/node_modules/@babel/parser/lib/index.js:10826:23)
      at JSXParserMixin.parseMaybeAssign (/Users/internaut/Desktop/PLP MOBILE APPLICATION (UPDATED)/node_modules/@babel/parser/lib/index.js:10779:21)
      at JSXParserMixin.parseExpressionBase (/Users/internaut/Desktop/PLP MOBILE APPLICATION (UPDATED)/node_modules/@babel/parser/lib/index.js:10732:23)
      at /Users/internaut/Desktop/PLP MOBILE APPLICATION (UPDATED)/node_modules/@babel/parser/lib/index.js:10728:39
      at JSXParserMixin.allowInAnd (/Users/internaut/Desktop/PLP MOBILE APPLICATION (UPDATED)/node_modules/@babel/parser/lib/index.js:12375:12)
      at JSXParserMixin.parseExpression (/Users/internaut/Desktop/PLP MOBILE APPLICATION (UPDATED)/node_modules/@babel/parser/lib/index.js:10728:17)
      at JSXParserMixin.jsxParseExpressionContainer (/Users/internaut/Desktop/PLP MOBILE APPLICATION (UPDATED)/node_modules/@babel/parser/lib/index.js:4647:31)
      at JSXParserMixin.jsxParseElementAt (/Users/internaut/Desktop/PLP MOBILE APPLICATION (UPDATED)/node_modules/@babel/parser/lib/index.js:4726:36)
      at JSXParserMixin.jsxParseElement (/Users/internaut/Desktop/PLP MOBILE APPLICATION (UPDATED)/node_modules/@babel/parser/lib/index.js:4764:17)
      at JSXParserMixin.parseExprAtom (/Users/internaut/Desktop/PLP MOBILE APPLICATION (UPDATED)/node_modules/@babel/parser/lib/index.js:4774:19)
      at JSXParserMixin.parseExprSubscripts (/Users/internaut/Desktop/PLP MOBILE APPLICATION (UPDATED)/node_modules/@babel/parser/lib/index.js:11026:23)
      at JSXParserMixin.parseUpdate (/Users/internaut/Desktop/PLP MOBILE APPLICATION (UPDATED)/node_modules/@babel/parser/lib/index.js:11011:21)
      at JSXParserMixin.parseMaybeUnary (/Users/internaut/Desktop/PLP MOBILE APPLICATION (UPDATED)/node_modules/@babel/parser/lib/index.js:10991:23)
      at JSXParserMixin.parseMaybeUnaryOrPrivate (/Users/internaut/Desktop/PLP MOBILE APPLICATION (UPDATED)/node_modules/@babel/parser/lib/index.js:10844:61)
      at JSXParserMixin.parseExprOps (/Users/internaut/Desktop/PLP MOBILE APPLICATION (UPDATED)/node_modules/@babel/parser/lib/index.js:10849:23)
      at JSXParserMixin.parseMaybeConditional (/Users/internaut/Desktop/PLP MOBILE APPLICATION (UPDATED)/node_modules/@babel/parser/lib/index.js:10826:23)
      at JSXParserMixin.parseMaybeAssign (/Users/internaut/Desktop/PLP MOBILE APPLICATION (UPDATED)/node_modules/@babel/parser/lib/index.js:10779:21)
      at /Users/internaut/Desktop/PLP MOBILE APPLICATION (UPDATED)/node_modules/@babel/parser/lib/index.js:10748:39
      at JSXParserMixin.allowInAnd (/Users/internaut/Desktop/PLP MOBILE APPLICATION (UPDATED)/node_modules/@babel/parser/lib/index.js:12375:12)
      at JSXParserMixin.parseMaybeAssignAllowIn (/Users/internaut/Desktop/PLP MOBILE APPLICATION (UPDATED)/node_modules/@babel/parser/lib/index.js:10748:17)
      at JSXParserMixin.parseParenAndDistinguishExpression (/Users/internaut/Desktop/PLP MOBILE APPLICATION (UPDATED)/node_modules/@babel/parser/lib/index.js:11622:28)
      at JSXParserMixin.parseExprAtom (/Users/internaut/Desktop/PLP MOBILE APPLICATION (UPDATED)/node_modules/@babel/parser/lib/index.js:11276:23)
      at JSXParserMixin.parseExprAtom (/Users/internaut/Desktop/PLP MOBILE APPLICATION (UPDATED)/node_modules/@babel/parser/lib/index.js:4779:20)
      at JSXParserMixin.parseExprSubscripts (/Users/internaut/Desktop/PLP MOBILE APPLICATION (UPDATED)/node_modules/@babel/parser/lib/index.js:11026:23)
      at JSXParserMixin.parseUpdate (/Users/internaut/Desktop/PLP MOBILE APPLICATION (UPDATED)/node_modules/@babel/parser/lib/index.js:11011:21)
      at JSXParserMixin.parseMaybeUnary (/Users/internaut/Desktop/PLP MOBILE APPLICATION (UPDATED)/node_modules/@babel/parser/lib/index.js:10991:23)
      at JSXParserMixin.parseMaybeUnaryOrPrivate (/Users/internaut/Desktop/PLP MOBILE APPLICATION (UPDATED)/node_modules/@babel/parser/lib/index.js:10844:61)
      at JSXParserMixin.parseExprOps (/Users/internaut/Desktop/PLP MOBILE APPLICATION (UPDATED)/node_modules/@babel/parser/lib/index.js:10849:23)
      at JSXParserMixin.parseMaybeConditional (/Users/internaut/Desktop/PLP MOBILE APPLICATION (UPDATED)/node_modules/@babel/parser/lib/index.js:10826:23)
      at JSXParserMixin.parseMaybeAssign (/Users/internaut/Desktop/PLP MOBILE APPLICATION (UPDATED)/node_modules/@babel/parser/lib/index.js:10779:21)
      at JSXParserMixin.parseExpressionBase (/Users/internaut/Desktop/PLP MOBILE APPLICATION (UPDATED)/node_modules/@babel/parser/lib/index.js:10732:23)
      at /Users/internaut/Desktop/PLP MOBILE APPLICATION (UPDATED)/node_modules/@babel/parser/lib/index.js:10728:39
      at JSXParserMixin.allowInAnd (/Users/internaut/Desktop/PLP MOBILE APPLICATION (UPDATED)/node_modules/@babel/parser/lib/index.js:12370:16)
      at JSXParserMixin.parseExpression (/Users/internaut/Desktop/PLP MOBILE APPLICATION (UPDATED)/node_modules/@babel/parser/lib/index.js:10728:17)
      at JSXParserMixin.parseReturnStatement (/Users/internaut/Desktop/PLP MOBILE APPLICATION (UPDATED)/node_modules/@babel/parser/lib/index.js:13075:28)
      at JSXParserMixin.parseStatementContent (/Users/internaut/Desktop/PLP MOBILE APPLICATION (UPDATED)/node_modules/@babel/parser/lib/index.js:12730:21)
      at JSXParserMixin.parseStatementLike (/Users/internaut/Desktop/PLP MOBILE APPLICATION (UPDATED)/node_modules/@babel/parser/lib/index.js:12699:17)
      at JSXParserMixin.parseStatementListItem (/Users/internaut/Desktop/PLP MOBILE APPLICATION (UPDATED)/node_modules/@babel/parser/lib/index.js:12679:17)
      at JSXParserMixin.parseBlockOrModuleBlockBody (/Users/internaut/Desktop/PLP MOBILE APPLICATION (UPDATED)/node_modules/@babel/parser/lib/index.js:13249:61)
      at JSXParserMixin.parseBlockBody (/Users/internaut/Desktop/PLP MOBILE APPLICATION (UPDATED)/node_modules/@babel/parser/lib/index.js:13242:10)
12:42:45 AM [vite] (client) hmr update /src/App.jsx
12:42:54 AM [vite] (client) hmr update /src/App.jsx
12:42:54 AM [vite] Internal server error: /Users/internaut/Desktop/PLP MOBILE APPLICATION (UPDATED)/src/App.jsx: Unterminated JSX contents. (1125:10)

  1123 |       )}
  1124 |       </div>
> 1125 |     </div>
       |           ^
  1126 |   )
  1127 | }
  1128 |
  Plugin: vite:react-babel
  File: /Users/internaut/Desktop/PLP MOBILE APPLICATION (UPDATED)/src/App.jsx:1125:10
  1123|        )}
  1124|        </div>
  1125|      </div>
     |            ^
  1126|    )
  1127|  }
      at constructor (/Users/internaut/Desktop/PLP MOBILE APPLICATION (UPDATED)/node_modules/@babel/parser/lib/index.js:363:19)
      at JSXParserMixin.raise (/Users/internaut/Desktop/PLP MOBILE APPLICATION (UPDATED)/node_modules/@babel/parser/lib/index.js:6612:19)
      at JSXParserMixin.jsxReadToken (/Users/internaut/Desktop/PLP MOBILE APPLICATION (UPDATED)/node_modules/@babel/parser/lib/index.js:4463:20)
      at JSXParserMixin.getTokenFromCode (/Users/internaut/Desktop/PLP MOBILE APPLICATION (UPDATED)/node_modules/@babel/parser/lib/index.js:4789:12)
      at JSXParserMixin.nextToken (/Users/internaut/Desktop/PLP MOBILE APPLICATION (UPDATED)/node_modules/@babel/parser/lib/index.js:5795:10)
      at JSXParserMixin.next (/Users/internaut/Desktop/PLP MOBILE APPLICATION (UPDATED)/node_modules/@babel/parser/lib/index.js:5705:10)
      at JSXParserMixin.eat (/Users/internaut/Desktop/PLP MOBILE APPLICATION (UPDATED)/node_modules/@babel/parser/lib/index.js:5709:12)
      at JSXParserMixin.expect (/Users/internaut/Desktop/PLP MOBILE APPLICATION (UPDATED)/node_modules/@babel/parser/lib/index.js:6911:15)
      at JSXParserMixin.jsxParseClosingElementAt (/Users/internaut/Desktop/PLP MOBILE APPLICATION (UPDATED)/node_modules/@babel/parser/lib/index.js:4695:10)
      at JSXParserMixin.jsxParseElementAt (/Users/internaut/Desktop/PLP MOBILE APPLICATION (UPDATED)/node_modules/@babel/parser/lib/index.js:4710:37)
      at JSXParserMixin.jsxParseElementAt (/Users/internaut/Desktop/PLP MOBILE APPLICATION (UPDATED)/node_modules/@babel/parser/lib/index.js:4713:32)
      at JSXParserMixin.jsxParseElement (/Users/internaut/Desktop/PLP MOBILE APPLICATION (UPDATED)/node_modules/@babel/parser/lib/index.js:4764:17)
      at JSXParserMixin.parseExprAtom (/Users/internaut/Desktop/PLP MOBILE APPLICATION (UPDATED)/node_modules/@babel/parser/lib/index.js:4774:19)
      at JSXParserMixin.parseExprSubscripts (/Users/internaut/Desktop/PLP MOBILE APPLICATION (UPDATED)/node_modules/@babel/parser/lib/index.js:11026:23)
      at JSXParserMixin.parseUpdate (/Users/internaut/Desktop/PLP MOBILE APPLICATION (UPDATED)/node_modules/@babel/parser/lib/index.js:11011:21)
      at JSXParserMixin.parseMaybeUnary (/Users/internaut/Desktop/PLP MOBILE APPLICATION (UPDATED)/node_modules/@babel/parser/lib/index.js:10991:23)
      at JSXParserMixin.parseMaybeUnaryOrPrivate (/Users/internaut/Desktop/PLP MOBILE APPLICATION (UPDATED)/node_modules/@babel/parser/lib/index.js:10844:61)
      at JSXParserMixin.parseExprOps (/Users/internaut/Desktop/PLP MOBILE APPLICATION (UPDATED)/node_modules/@babel/parser/lib/index.js:10849:23)
      at JSXParserMixin.parseMaybeConditional (/Users/internaut/Desktop/PLP MOBILE APPLICATION (UPDATED)/node_modules/@babel/parser/lib/index.js:10826:23)
      at JSXParserMixin.parseMaybeAssign (/Users/internaut/Desktop/PLP MOBILE APPLICATION (UPDATED)/node_modules/@babel/parser/lib/index.js:10779:21)
      at /Users/internaut/Desktop/PLP MOBILE APPLICATION (UPDATED)/node_modules/@babel/parser/lib/index.js:10748:39
      at JSXParserMixin.allowInAnd (/Users/internaut/Desktop/PLP MOBILE APPLICATION (UPDATED)/node_modules/@babel/parser/lib/index.js:12375:12)
      at JSXParserMixin.parseMaybeAssignAllowIn (/Users/internaut/Desktop/PLP MOBILE APPLICATION (UPDATED)/node_modules/@babel/parser/lib/index.js:10748:17)
      at JSXParserMixin.parseParenAndDistinguishExpression (/Users/internaut/Desktop/PLP MOBILE APPLICATION (UPDATED)/node_modules/@babel/parser/lib/index.js:11622:28)
      at JSXParserMixin.parseExprAtom (/Users/internaut/Desktop/PLP MOBILE APPLICATION (UPDATED)/node_modules/@babel/parser/lib/index.js:11276:23)
      at JSXParserMixin.parseExprAtom (/Users/internaut/Desktop/PLP MOBILE APPLICATION (UPDATED)/node_modules/@babel/parser/lib/index.js:4779:20)
      at JSXParserMixin.parseExprSubscripts (/Users/internaut/Desktop/PLP MOBILE APPLICATION (UPDATED)/node_modules/@babel/parser/lib/index.js:11026:23)
      at JSXParserMixin.parseUpdate (/Users/internaut/Desktop/PLP MOBILE APPLICATION (UPDATED)/node_modules/@babel/parser/lib/index.js:11011:21)
      at JSXParserMixin.parseMaybeUnary (/Users/internaut/Desktop/PLP MOBILE APPLICATION (UPDATED)/node_modules/@babel/parser/lib/index.js:10991:23)
      at JSXParserMixin.parseMaybeUnaryOrPrivate (/Users/internaut/Desktop/PLP MOBILE APPLICATION (UPDATED)/node_modules/@babel/parser/lib/index.js:10844:61)
      at JSXParserMixin.parseExprOps (/Users/internaut/Desktop/PLP MOBILE APPLICATION (UPDATED)/node_modules/@babel/parser/lib/index.js:10849:23)
      at JSXParserMixin.parseMaybeConditional (/Users/internaut/Desktop/PLP MOBILE APPLICATION (UPDATED)/node_modules/@babel/parser/lib/index.js:10826:23)
      at JSXParserMixin.parseMaybeAssign (/Users/internaut/Desktop/PLP MOBILE APPLICATION (UPDATED)/node_modules/@babel/parser/lib/index.js:10779:21)
      at JSXParserMixin.parseExpressionBase (/Users/internaut/Desktop/PLP MOBILE APPLICATION (UPDATED)/node_modules/@babel/parser/lib/index.js:10732:23)
      at /Users/internaut/Desktop/PLP MOBILE APPLICATION (UPDATED)/node_modules/@babel/parser/lib/index.js:10728:39
      at JSXParserMixin.allowInAnd (/Users/internaut/Desktop/PLP MOBILE APPLICATION (UPDATED)/node_modules/@babel/parser/lib/index.js:12370:16)
      at JSXParserMixin.parseExpression (/Users/internaut/Desktop/PLP MOBILE APPLICATION (UPDATED)/node_modules/@babel/parser/lib/index.js:10728:17)
      at JSXParserMixin.parseReturnStatement (/Users/internaut/Desktop/PLP MOBILE APPLICATION (UPDATED)/node_modules/@babel/parser/lib/index.js:13075:28)
      at JSXParserMixin.parseStatementContent (/Users/internaut/Desktop/PLP MOBILE APPLICATION (UPDATED)/node_modules/@babel/parser/lib/index.js:12730:21)
      at JSXParserMixin.parseStatementLike (/Users/internaut/Desktop/PLP MOBILE APPLICATION (UPDATED)/node_modules/@babel/parser/lib/index.js:12699:17)
      at JSXParserMixin.parseStatementListItem (/Users/internaut/Desktop/PLP MOBILE APPLICATION (UPDATED)/node_modules/@babel/parser/lib/index.js:12679:17)
      at JSXParserMixin.parseBlockOrModuleBlockBody (/Users/internaut/Desktop/PLP MOBILE APPLICATION (UPDATED)/node_modules/@babel/parser/lib/index.js:13249:61)
      at JSXParserMixin.parseBlockBody (/Users/internaut/Desktop/PLP MOBILE APPLICATION (UPDATED)/node_modules/@babel/parser/lib/index.js:13242:10)
      at JSXParserMixin.parseBlock (/Users/internaut/Desktop/PLP MOBILE APPLICATION (UPDATED)/node_modules/@babel/parser/lib/index.js:13230:10)
      at JSXParserMixin.parseStatementContent (/Users/internaut/Desktop/PLP MOBILE APPLICATION (UPDATED)/node_modules/@babel/parser/lib/index.js:12791:21)
      at JSXParserMixin.parseStatementLike (/Users/internaut/Desktop/PLP MOBILE APPLICATION (UPDATED)/node_modules/@babel/parser/lib/index.js:12699:17)
      at JSXParserMixin.parseStatementOrSloppyAnnexBFunctionDeclaration (/Users/internaut/Desktop/PLP MOBILE APPLICATION (UPDATED)/node_modules/@babel/parser/lib/index.js:12689:17)
      at JSXParserMixin.parseIfStatement (/Users/internaut/Desktop/PLP MOBILE APPLICATION (UPDATED)/node_modules/@babel/parser/lib/index.js:13063:28)
      at JSXParserMixin.parseStatementContent (/Users/internaut/Desktop/PLP MOBILE APPLICATION (UPDATED)/node_modules/@babel/parser/lib/index.js:12728:21)
      at JSXParserMixin.parseStatementLike (/Users/internaut/Desktop/PLP MOBILE APPLICATION (UPDATED)/node_modules/@babel/parser/lib/index.js:12699:17)
12:43:01 AM [vite] (client) hmr update /src/App.jsx
12:48:54 AM [vite] (client) hmr update /src/App.css
12:49:00 AM [vite] (client) hmr update /src/App.css
12:49:17 AM [vite] (client) hmr update /src/App.css
12:49:30 AM [vite] (client) hmr update /src/App.css
12:49:36 AM [vite] (client) hmr update /src/App.css
12:50:00 AM [vite] (client) hmr update /src/App.css
12:50:08 AM [vite] (client) hmr update /src/App.css
12:50:14 AM [vite] (client) hmr update /src/App.css
12:50:35 AM [vite] (client) hmr update /src/App.jsx
12:50:35 AM [vite] Internal server error: /Users/internaut/Desktop/PLP MOBILE APPLICATION (UPDATED)/src/App.jsx: Expected corresponding JSX closing tag for <ScreenContainer>. (1071:6)

  1069 |         </ScreenContainer>
  1070 |       )}
> 1071 |       </div>
       |       ^
  1072 |
  1073 |       {/* Bottom Navigation */}
  1074 |       <div className="bottom-nav">
  Plugin: vite:react-babel
  File: /Users/internaut/Desktop/PLP MOBILE APPLICATION (UPDATED)/src/App.jsx:1071:6
  1069|          </ScreenContainer>
  1070|        )}
  1071|        </div>
     |        ^
  1072|  
  1073|        {/* Bottom Navigation */}
      at constructor (/Users/internaut/Desktop/PLP MOBILE APPLICATION (UPDATED)/node_modules/@babel/parser/lib/index.js:363:19)
      at JSXParserMixin.raise (/Users/internaut/Desktop/PLP MOBILE APPLICATION (UPDATED)/node_modules/@babel/parser/lib/index.js:6612:19)
      at JSXParserMixin.jsxParseElementAt (/Users/internaut/Desktop/PLP MOBILE APPLICATION (UPDATED)/node_modules/@babel/parser/lib/index.js:4742:16)
      at JSXParserMixin.jsxParseElement (/Users/internaut/Desktop/PLP MOBILE APPLICATION (UPDATED)/node_modules/@babel/parser/lib/index.js:4764:17)
      at JSXParserMixin.parseExprAtom (/Users/internaut/Desktop/PLP MOBILE APPLICATION (UPDATED)/node_modules/@babel/parser/lib/index.js:4774:19)
      at JSXParserMixin.parseExprSubscripts (/Users/internaut/Desktop/PLP MOBILE APPLICATION (UPDATED)/node_modules/@babel/parser/lib/index.js:11026:23)
      at JSXParserMixin.parseUpdate (/Users/internaut/Desktop/PLP MOBILE APPLICATION (UPDATED)/node_modules/@babel/parser/lib/index.js:11011:21)
      at JSXParserMixin.parseMaybeUnary (/Users/internaut/Desktop/PLP MOBILE APPLICATION (UPDATED)/node_modules/@babel/parser/lib/index.js:10991:23)
      at JSXParserMixin.parseMaybeUnaryOrPrivate (/Users/internaut/Desktop/PLP MOBILE APPLICATION (UPDATED)/node_modules/@babel/parser/lib/index.js:10844:61)
      at JSXParserMixin.parseExprOps (/Users/internaut/Desktop/PLP MOBILE APPLICATION (UPDATED)/node_modules/@babel/parser/lib/index.js:10849:23)
      at JSXParserMixin.parseMaybeConditional (/Users/internaut/Desktop/PLP MOBILE APPLICATION (UPDATED)/node_modules/@babel/parser/lib/index.js:10826:23)
      at JSXParserMixin.parseMaybeAssign (/Users/internaut/Desktop/PLP MOBILE APPLICATION (UPDATED)/node_modules/@babel/parser/lib/index.js:10779:21)
      at /Users/internaut/Desktop/PLP MOBILE APPLICATION (UPDATED)/node_modules/@babel/parser/lib/index.js:10748:39
      at JSXParserMixin.allowInAnd (/Users/internaut/Desktop/PLP MOBILE APPLICATION (UPDATED)/node_modules/@babel/parser/lib/index.js:12375:12)
      at JSXParserMixin.parseMaybeAssignAllowIn (/Users/internaut/Desktop/PLP MOBILE APPLICATION (UPDATED)/node_modules/@babel/parser/lib/index.js:10748:17)
      at JSXParserMixin.parseParenAndDistinguishExpression (/Users/internaut/Desktop/PLP MOBILE APPLICATION (UPDATED)/node_modules/@babel/parser/lib/index.js:11622:28)
      at JSXParserMixin.parseExprAtom (/Users/internaut/Desktop/PLP MOBILE APPLICATION (UPDATED)/node_modules/@babel/parser/lib/index.js:11276:23)
      at JSXParserMixin.parseExprAtom (/Users/internaut/Desktop/PLP MOBILE APPLICATION (UPDATED)/node_modules/@babel/parser/lib/index.js:4779:20)
      at JSXParserMixin.parseExprSubscripts (/Users/internaut/Desktop/PLP MOBILE APPLICATION (UPDATED)/node_modules/@babel/parser/lib/index.js:11026:23)
      at JSXParserMixin.parseUpdate (/Users/internaut/Desktop/PLP MOBILE APPLICATION (UPDATED)/node_modules/@babel/parser/lib/index.js:11011:21)
      at JSXParserMixin.parseMaybeUnary (/Users/internaut/Desktop/PLP MOBILE APPLICATION (UPDATED)/node_modules/@babel/parser/lib/index.js:10991:23)
      at JSXParserMixin.parseMaybeUnaryOrPrivate (/Users/internaut/Desktop/PLP MOBILE APPLICATION (UPDATED)/node_modules/@babel/parser/lib/index.js:10844:61)
      at JSXParserMixin.parseExprOpBaseRightExpr (/Users/internaut/Desktop/PLP MOBILE APPLICATION (UPDATED)/node_modules/@babel/parser/lib/index.js:10931:34)
      at JSXParserMixin.parseExprOpRightExpr (/Users/internaut/Desktop/PLP MOBILE APPLICATION (UPDATED)/node_modules/@babel/parser/lib/index.js:10926:21)
      at JSXParserMixin.parseExprOp (/Users/internaut/Desktop/PLP MOBILE APPLICATION (UPDATED)/node_modules/@babel/parser/lib/index.js:10892:27)
      at JSXParserMixin.parseExprOp (/Users/internaut/Desktop/PLP MOBILE APPLICATION (UPDATED)/node_modules/@babel/parser/lib/index.js:10898:21)
      at JSXParserMixin.parseExprOps (/Users/internaut/Desktop/PLP MOBILE APPLICATION (UPDATED)/node_modules/@babel/parser/lib/index.js:10853:17)
      at JSXParserMixin.parseMaybeConditional (/Users/internaut/Desktop/PLP MOBILE APPLICATION (UPDATED)/node_modules/@babel/parser/lib/index.js:10826:23)
      at JSXParserMixin.parseMaybeAssign (/Users/internaut/Desktop/PLP MOBILE APPLICATION (UPDATED)/node_modules/@babel/parser/lib/index.js:10779:21)
      at JSXParserMixin.parseExpressionBase (/Users/internaut/Desktop/PLP MOBILE APPLICATION (UPDATED)/node_modules/@babel/parser/lib/index.js:10732:23)
      at /Users/internaut/Desktop/PLP MOBILE APPLICATION (UPDATED)/node_modules/@babel/parser/lib/index.js:10728:39
      at JSXParserMixin.allowInAnd (/Users/internaut/Desktop/PLP MOBILE APPLICATION (UPDATED)/node_modules/@babel/parser/lib/index.js:12375:12)
      at JSXParserMixin.parseExpression (/Users/internaut/Desktop/PLP MOBILE APPLICATION (UPDATED)/node_modules/@babel/parser/lib/index.js:10728:17)
      at JSXParserMixin.jsxParseExpressionContainer (/Users/internaut/Desktop/PLP MOBILE APPLICATION (UPDATED)/node_modules/@babel/parser/lib/index.js:4647:31)
      at JSXParserMixin.jsxParseElementAt (/Users/internaut/Desktop/PLP MOBILE APPLICATION (UPDATED)/node_modules/@babel/parser/lib/index.js:4726:36)
      at JSXParserMixin.jsxParseElementAt (/Users/internaut/Desktop/PLP MOBILE APPLICATION (UPDATED)/node_modules/@babel/parser/lib/index.js:4713:32)
      at JSXParserMixin.jsxParseElementAt (/Users/internaut/Desktop/PLP MOBILE APPLICATION (UPDATED)/node_modules/@babel/parser/lib/index.js:4713:32)
      at JSXParserMixin.jsxParseElement (/Users/internaut/Desktop/PLP MOBILE APPLICATION (UPDATED)/node_modules/@babel/parser/lib/index.js:4764:17)
      at JSXParserMixin.parseExprAtom (/Users/internaut/Desktop/PLP MOBILE APPLICATION (UPDATED)/node_modules/@babel/parser/lib/index.js:4774:19)
      at JSXParserMixin.parseExprSubscripts (/Users/internaut/Desktop/PLP MOBILE APPLICATION (UPDATED)/node_modules/@babel/parser/lib/index.js:11026:23)
      at JSXParserMixin.parseUpdate (/Users/internaut/Desktop/PLP MOBILE APPLICATION (UPDATED)/node_modules/@babel/parser/lib/index.js:11011:21)
      at JSXParserMixin.parseMaybeUnary (/Users/internaut/Desktop/PLP MOBILE APPLICATION (UPDATED)/node_modules/@babel/parser/lib/index.js:10991:23)
      at JSXParserMixin.parseMaybeUnaryOrPrivate (/Users/internaut/Desktop/PLP MOBILE APPLICATION (UPDATED)/node_modules/@babel/parser/lib/index.js:10844:61)
      at JSXParserMixin.parseExprOps (/Users/internaut/Desktop/PLP MOBILE APPLICATION (UPDATED)/node_modules/@babel/parser/lib/index.js:10849:23)
      at JSXParserMixin.parseMaybeConditional (/Users/internaut/Desktop/PLP MOBILE APPLICATION (UPDATED)/node_modules/@babel/parser/lib/index.js:10826:23)
      at JSXParserMixin.parseMaybeAssign (/Users/internaut/Desktop/PLP MOBILE APPLICATION (UPDATED)/node_modules/@babel/parser/lib/index.js:10779:21)
      at /Users/internaut/Desktop/PLP MOBILE APPLICATION (UPDATED)/node_modules/@babel/parser/lib/index.js:10748:39
      at JSXParserMixin.allowInAnd (/Users/internaut/Desktop/PLP MOBILE APPLICATION (UPDATED)/node_modules/@babel/parser/lib/index.js:12375:12)
      at JSXParserMixin.parseMaybeAssignAllowIn (/Users/internaut/Desktop/PLP MOBILE APPLICATION (UPDATED)/node_modules/@babel/parser/lib/index.js:10748:17)
      at JSXParserMixin.parseParenAndDistinguishExpression (/Users/internaut/Desktop/PLP MOBILE APPLICATION (UPDATED)/node_modules/@babel/parser/lib/index.js:11622:28)
12:50:40 AM [vite] (client) hmr update /src/App.jsx
1:02:13 AM [vite] (client) hmr update /src/App.css
1:02:52 AM [vite] (client) hmr update /src/App.css
1:07:18 AM [vite] (client) hmr update /src/App.jsx
1:08:42 AM [vite] (client) hmr update /src/App.jsx
1:08:58 AM [vite] (client) hmr update /src/App.jsx
1:11:47 AM [vite] (client) hmr update /src/App.jsx
1:11:54 AM [vite] (client) hmr update /src/App.jsx
1:12:01 AM [vite] (client) hmr update /src/App.jsx
1:12:07 AM [vite] (client) hmr update /src/App.jsx
1:15:00 AM [vite] (client) hmr update /src/App.jsx
1:15:18 AM [vite] (client) hmr update /src/App.jsx
1:17:14 AM [vite] (client) hmr update /src/App.jsx, /src/components/DonationForm.jsx, /src/components/VolunteerForm.jsx
1:17:21 AM [vite] (client) hmr update /src/App.jsx, /src/components/DonationForm.jsx, /src/components/VolunteerForm.jsx
1:17:38 AM [vite] (client) hmr update /src/App.jsx, /src/components/DonationForm.jsx, /src/components/VolunteerForm.jsx
1:18:00 AM [vite] (client) hmr update /src/App.jsx, /src/components/DonationForm.jsx, /src/components/VolunteerForm.jsx
1:18:06 AM [vite] (client) hmr update /src/App.jsx, /src/components/DonationForm.jsx, /src/components/VolunteerForm.jsx
1:18:12 AM [vite] (client) hmr update /src/App.jsx, /src/components/DonationForm.jsx, /src/components/VolunteerForm.jsx
1:18:17 AM [vite] (client) hmr update /src/App.jsx, /src/components/DonationForm.jsx, /src/components/VolunteerForm.jsx
1:18:23 AM [vite] (client) hmr update /src/App.jsx, /src/components/DonationForm.jsx, /src/components/VolunteerForm.jsx
